timestamp,open,high,low,close,volume
2026-09-21T09:15:00+05:30,228.0,298.6,228.0,284.5,6847
2026-09-21T09:16:00+05:30,289.7,298.7,257.25,257.25,6219
2026-09-21T09:17:00+05:30,255.75,262.55,237.8,242.0,3556
2026-09-21T09:18:00+05:30,238.8,247.0,226.65,238.4,4097
2026-09-21T09:19:00+05:30,239.55,239.7,233.55,236.0,2521
2026-09-21T09:20:00+05:30,235.9,240.05,226.3,236.3,3296
2026-09-21T09:21:00+05:30,235.25,242.0,232.5,241.5,1511
2026-09-21T09:22:00+05:30,240.9,246.55,238.9,243.95,2042
2026-09-21T09:23:00+05:30,241.8,245.0,235.45,238.25,1550
2026-09-21T09:24:00+05:30,239.0,248.0,239.0,245.8,2357
2026-09-21T09:25:00+05:30,246.25,249.7,239.0,241.55,2262
2026-09-21T09:26:00+05:30,239.8,244.95,235.9,238.8,885
2026-09-21T09:27:00+05:30,238.1,238.5,230.85,235.75,1522
2026-09-21T09:28:00+05:30,235.4,238.0,230.7,233.15,1249
2026-09-21T09:29:00+05:30,233.9,235.25,223.25,225.1,4947
2026-09-21T09:30:00+05:30,225.25,225.25,218.9,219.05,2192
2026-09-21T09:31:00+05:30,219.3,227.5,216.6,224.85,1336
2026-09-21T09:32:00+05:30,224.65,230.0,221.0,228.65,1267
2026-09-21T09:33:00+05:30,228.4,230.0,224.95,225.45,2425
2026-09-21T09:34:00+05:30,225.35,232.75,225.35,229.35,2047
2026-09-21T09:35:00+05:30,228.15,228.15,221.6,221.7,944
2026-09-21T09:36:00+05:30,221.4,232.55,220.15,232.55,708
2026-09-21T09:37:00+05:30,231.05,238.05,231.05,236.75,1284
2026-09-21T09:38:00+05:30,237.25,239.35,231.7,236.0,919
2026-09-21T09:39:00+05:30,236.15,237.3,231.25,236.45,828
2026-09-21T09:40:00+05:30,236.0,242.25,235.5,242.0,3389
2026-09-21T09:41:00+05:30,242.3,243.3,236.5,240.85,3450
2026-09-21T09:42:00+05:30,238.95,242.6,235.1,241.05,1049
2026-09-21T09:43:00+05:30,241.25,241.25,233.5,237.35,1003
2026-09-21T09:44:00+05:30,237.0,237.45,230.0,234.95,982
2026-09-21T09:45:00+05:30,234.5,234.5,230.2,231.5,488
2026-09-21T09:46:00+05:30,231.2,232.0,224.95,225.3,1217
2026-09-21T09:47:00+05:30,225.5,234.8,224.05,233.6,811
2026-09-21T09:48:00+05:30,233.65,235.45,224.0,224.05,734
2026-09-21T09:49:00+05:30,224.65,227.0,219.0,226.15,1527
2026-09-21T09:50:00+05:30,225.0,225.95,222.35,223.6,772
2026-09-21T09:51:00+05:30,222.85,224.9,218.35,221.65,843
2026-09-21T09:52:00+05:30,221.3,224.9,220.0,220.0,507
2026-09-21T09:53:00+05:30,219.75,227.05,218.65,226.3,577
2026-09-21T09:54:00+05:30,224.7,230.35,223.8,230.3,583
2026-09-21T09:55:00+05:30,229.6,231.05,227.0,228.3,825
2026-09-21T09:56:00+05:30,228.7,230.5,226.75,229.4,750
2026-09-21T09:57:00+05:30,229.25,229.25,220.15,223.7,1772
2026-09-21T09:58:00+05:30,222.65,233.65,222.65,232.15,1437
2026-09-21T09:59:00+05:30,231.9,234.2,226.45,226.45,1098
2026-09-21T10:00:00+05:30,226.1,232.0,224.75,230.9,430
2026-09-21T10:01:00+05:30,229.6,233.35,227.85,233.1,656
2026-09-21T10:02:00+05:30,232.75,236.1,230.75,235.75,1005
2026-09-21T10:03:00+05:30,235.4,239.45,235.35,238.7,1448
2026-09-21T10:04:00+05:30,240.65,244.75,237.6,237.6,2030
2026-09-21T10:05:00+05:30,237.5,241.25,233.0,240.0,948
2026-09-21T10:06:00+05:30,239.3,243.9,238.9,242.8,1216
2026-09-21T10:07:00+05:30,242.75,243.5,238.45,240.65,1083
2026-09-21T10:08:00+05:30,240.85,242.8,238.0,238.0,837
2026-09-21T10:09:00+05:30,238.0,239.5,233.4,235.8,931
2026-09-21T10:10:00+05:30,235.95,239.35,232.5,234.05,723
2026-09-21T10:11:00+05:30,234.75,235.65,226.0,226.8,1320
2026-09-21T10:12:00+05:30,226.85,232.85,224.65,232.75,1024
2026-09-21T10:13:00+05:30,233.2,243.8,233.1,240.75,1673
2026-09-21T10:14:00+05:30,241.9,246.7,240.0,243.85,2076
2026-09-21T10:15:00+05:30,244.4,247.6,241.35,243.75,3780
2026-09-21T10:16:00+05:30,243.95,245.85,236.6,236.85,1237
2026-09-21T10:17:00+05:30,236.65,245.0,234.65,242.2,1145
2026-09-21T10:18:00+05:30,242.8,244.25,237.75,239.0,802
2026-09-21T10:19:00+05:30,241.0,246.1,239.4,243.65,756
2026-09-21T10:20:00+05:30,244.5,244.5,238.65,244.4,535
2026-09-21T10:21:00+05:30,244.4,245.75,241.75,244.45,967
2026-09-21T10:22:00+05:30,244.95,245.75,242.85,244.4,769
2026-09-21T10:23:00+05:30,244.85,246.85,239.05,241.55,1048
2026-09-21T10:24:00+05:30,240.0,246.45,239.5,245.5,904
2026-09-21T10:25:00+05:30,245.75,253.05,245.75,250.35,2366
2026-09-21T10:26:00+05:30,251.05,252.0,246.95,250.4,1050
2026-09-21T10:27:00+05:30,249.9,256.0,249.9,253.55,1736
2026-09-21T10:28:00+05:30,251.85,252.3,246.25,247.0,1691
2026-09-21T10:29:00+05:30,246.45,246.45,238.3,240.0,1261
2026-09-21T10:30:00+05:30,240.8,246.15,239.35,245.0,891
2026-09-21T10:31:00+05:30,244.0,244.55,240.15,243.0,1489
2026-09-21T10:32:00+05:30,243.1,248.3,241.95,245.4,718
2026-09-21T10:33:00+05:30,246.05,250.6,243.55,250.6,1174
2026-09-21T10:34:00+05:30,250.3,254.05,248.85,251.1,2240
2026-09-21T10:35:00+05:30,250.85,254.15,249.3,250.1,1064
2026-09-21T10:36:00+05:30,250.2,252.9,247.2,250.5,1142
2026-09-21T10:37:00+05:30,250.45,253.05,247.55,249.0,651
2026-09-21T10:38:00+05:30,248.1,249.0,243.95,247.65,1140
2026-09-21T10:39:00+05:30,247.45,251.65,246.6,250.8,861
2026-09-21T10:40:00+05:30,251.4,251.5,246.35,250.1,721
2026-09-21T10:41:00+05:30,249.55,249.55,240.0,242.55,1392
2026-09-21T10:42:00+05:30,242.8,242.8,235.2,238.8,1532
2026-09-21T10:43:00+05:30,237.9,240.05,235.75,238.4,539
2026-09-21T10:44:00+05:30,238.65,238.7,233.9,236.2,1020
2026-09-21T10:45:00+05:30,235.65,235.65,228.5,229.85,2239
2026-09-21T10:46:00+05:30,227.65,231.3,226.8,231.05,1029
2026-09-21T10:47:00+05:30,230.0,235.55,225.55,235.55,1157
2026-09-21T10:48:00+05:30,234.75,238.65,233.4,238.0,1309
2026-09-21T10:49:00+05:30,237.05,237.7,232.0,234.25,408
2026-09-21T10:50:00+05:30,233.3,235.45,230.65,234.6,448
2026-09-21T10:51:00+05:30,233.95,233.95,229.5,231.45,773
2026-09-21T10:52:00+05:30,230.9,232.8,229.3,230.75,218
2026-09-21T10:53:00+05:30,230.45,231.15,225.0,227.2,932
2026-09-21T10:54:00+05:30,226.85,230.55,224.8,228.9,3010
2026-09-21T10:55:00+05:30,228.85,236.1,227.6,234.1,945
2026-09-21T10:56:00+05:30,233.55,233.65,229.7,232.45,442
2026-09-21T10:57:00+05:30,230.0,231.0,227.8,230.45,428
2026-09-21T10:58:00+05:30,229.5,232.9,227.45,231.9,409
2026-09-21T10:59:00+05:30,231.1,231.1,225.0,225.2,637
2026-09-21T11:00:00+05:30,225.0,230.8,225.0,230.4,350
2026-09-21T11:01:00+05:30,229.55,231.55,228.55,230.45,256
2026-09-21T11:02:00+05:30,229.25,230.0,226.15,229.55,223
2026-09-21T11:03:00+05:30,229.0,229.1,222.8,224.0,747
2026-09-21T11:04:00+05:30,223.0,226.0,221.6,224.75,840
2026-09-21T11:05:00+05:30,224.05,227.5,222.9,226.45,443
2026-09-21T11:06:00+05:30,226.05,227.7,223.35,225.8,407
2026-09-21T11:07:00+05:30,225.0,225.75,221.0,222.05,289
2026-09-21T11:08:00+05:30,221.6,222.8,218.55,221.6,908
2026-09-21T11:09:00+05:30,220.1,221.8,217.6,220.0,679
2026-09-21T11:10:00+05:30,219.1,219.8,217.1,218.7,347
2026-09-21T11:11:00+05:30,218.5,218.5,211.15,213.3,1830
2026-09-21T11:12:00+05:30,213.3,216.6,213.3,215.4,477
2026-09-21T11:13:00+05:30,215.55,215.55,210.0,213.35,1323
2026-09-21T11:14:00+05:30,213.05,216.65,212.5,214.1,424
2026-09-21T11:15:00+05:30,213.8,217.95,212.6,217.15,859
2026-09-21T11:16:00+05:30,217.4,223.0,216.05,220.65,852
2026-09-21T11:17:00+05:30,219.25,222.3,217.55,221.65,368
2026-09-21T11:18:00+05:30,222.0,224.7,220.3,224.05,507
2026-09-21T11:19:00+05:30,223.65,224.65,221.25,222.0,666
2026-09-21T11:20:00+05:30,221.0,223.45,218.2,221.4,467
2026-09-21T11:21:00+05:30,220.0,223.9,218.55,221.35,324
2026-09-21T11:22:00+05:30,220.7,221.2,217.9,219.05,359
2026-09-21T11:23:00+05:30,218.05,218.8,213.85,214.35,397
2026-09-21T11:24:00+05:30,214.75,217.7,213.0,216.9,267
2026-09-21T11:25:00+05:30,216.75,219.0,215.1,218.0,127
2026-09-21T11:26:00+05:30,216.3,218.85,215.65,218.4,205
2026-09-21T11:27:00+05:30,218.5,219.35,215.25,218.15,370
2026-09-21T11:28:00+05:30,217.2,218.2,214.0,216.85,328
2026-09-21T11:29:00+05:30,215.85,217.6,215.0,216.85,144
2026-09-21T11:30:00+05:30,215.4,216.0,211.0,213.25,787
2026-09-21T11:31:00+05:30,212.4,215.0,208.75,210.65,521
2026-09-21T11:32:00+05:30,211.4,212.05,210.0,212.05,507
2026-09-21T11:33:00+05:30,212.05,213.2,206.35,207.1,840
2026-09-21T11:34:00+05:30,204.55,209.15,204.0,208.05,1109
2026-09-21T11:35:00+05:30,206.4,213.85,206.4,213.85,1000
2026-09-21T11:36:00+05:30,211.4,213.0,211.0,213.0,379
2026-09-21T11:37:00+05:30,212.2,213.85,211.4,213.4,261
2026-09-21T11:38:00+05:30,212.9,215.0,212.55,214.75,361
2026-09-21T11:39:00+05:30,214.35,215.65,214.0,215.65,265
2026-09-21T11:40:00+05:30,216.0,216.4,214.45,216.25,409
2026-09-21T11:41:00+05:30,216.1,216.1,211.7,212.25,416
2026-09-21T11:42:00+05:30,211.2,212.15,208.5,210.6,827
2026-09-21T11:43:00+05:30,210.2,211.8,209.3,209.7,226
2026-09-21T11:44:00+05:30,209.35,212.0,207.45,209.0,588
2026-09-21T11:45:00+05:30,208.5,211.25,208.5,210.2,139
2026-09-21T11:46:00+05:30,209.0,214.35,208.95,213.0,460
2026-09-21T11:47:00+05:30,213.65,214.95,211.85,213.95,347
2026-09-21T11:48:00+05:30,214.05,214.05,210.3,210.3,317
2026-09-21T11:49:00+05:30,212.2,212.85,210.15,211.6,123
2026-09-21T11:50:00+05:30,211.8,212.55,209.0,209.0,285
2026-09-21T11:51:00+05:30,209.05,211.05,209.0,209.75,494
2026-09-21T11:52:00+05:30,208.75,209.5,204.35,205.9,766
2026-09-21T11:53:00+05:30,205.85,206.2,200.0,201.4,1438
2026-09-21T11:54:00+05:30,201.0,201.35,193.6,195.1,4880
2026-09-21T11:55:00+05:30,195.1,197.2,193.35,194.6,1169
2026-09-21T11:56:00+05:30,193.65,194.0,188.8,191.4,6735
2026-09-21T11:57:00+05:30,190.6,193.0,188.6,190.35,1539
2026-09-21T11:58:00+05:30,190.6,190.6,185.4,185.4,5449
2026-09-21T11:59:00+05:30,184.45,188.75,183.25,187.55,1270
2026-09-21T12:00:00+05:30,187.35,187.75,182.15,184.8,3170
2026-09-21T12:01:00+05:30,184.5,189.2,184.5,187.0,675
2026-09-21T12:02:00+05:30,187.25,190.3,186.55,190.2,736
2026-09-21T12:03:00+05:30,189.8,193.0,189.0,192.2,774
2026-09-21T12:04:00+05:30,191.95,193.5,190.9,191.95,603
2026-09-21T12:05:00+05:30,191.4,195.0,191.35,193.45,1658
2026-09-21T12:06:00+05:30,193.9,194.05,191.4,193.7,290
2026-09-21T12:07:00+05:30,193.3,195.95,192.25,195.25,364
2026-09-21T12:08:00+05:30,195.55,196.8,194.7,195.15,847
2026-09-21T12:09:00+05:30,195.7,197.55,195.7,196.0,447
2026-09-21T12:10:00+05:30,196.1,198.65,195.8,198.15,344
2026-09-21T12:11:00+05:30,197.95,197.95,194.5,195.3,389
2026-09-21T12:12:00+05:30,195.25,197.45,194.8,197.4,586
2026-09-21T12:13:00+05:30,197.4,198.4,195.55,195.7,451
2026-09-21T12:14:00+05:30,196.0,198.0,195.15,196.85,461
2026-09-21T12:15:00+05:30,197.0,199.9,196.0,197.0,543
2026-09-21T12:16:00+05:30,196.35,197.95,195.8,197.95,269
2026-09-21T12:17:00+05:30,197.25,198.35,197.25,197.85,276
2026-09-21T12:18:00+05:30,197.4,200.35,196.8,200.05,505
2026-09-21T12:19:00+05:30,199.8,200.0,196.5,196.5,826
2026-09-21T12:20:00+05:30,197.05,199.95,196.4,198.25,674
2026-09-21T12:21:00+05:30,198.0,198.0,193.3,196.75,396
2026-09-21T12:22:00+05:30,196.0,198.95,195.45,198.75,369
2026-09-21T12:23:00+05:30,198.6,201.0,198.25,200.1,956
2026-09-21T12:24:00+05:30,200.65,201.25,198.75,199.75,486
2026-09-21T12:25:00+05:30,199.2,200.1,198.5,198.5,134
2026-09-21T12:26:00+05:30,198.6,198.95,195.1,196.85,573
2026-09-21T12:27:00+05:30,196.2,196.9,195.0,196.9,129
2026-09-21T12:28:00+05:30,197.0,197.6,194.8,195.6,304
2026-09-21T12:29:00+05:30,195.85,195.95,193.25,194.6,333
2026-09-21T12:30:00+05:30,195.9,195.9,192.45,192.45,587
2026-09-21T12:31:00+05:30,192.6,197.85,192.6,197.85,97
2026-09-21T12:32:00+05:30,196.95,200.65,196.65,199.65,410
2026-09-21T12:33:00+05:30,199.0,201.0,197.35,200.4,343
2026-09-21T12:34:00+05:30,200.6,201.0,197.05,197.05,357
2026-09-21T12:35:00+05:30,197.0,200.35,196.2,197.95,196
2026-09-21T12:36:00+05:30,198.0,200.0,197.75,199.8,75
2026-09-21T12:37:00+05:30,199.5,199.5,197.75,198.75,102
2026-09-21T12:38:00+05:30,197.5,200.15,197.5,199.85,228
2026-09-21T12:39:00+05:30,200.0,201.0,198.0,199.3,327
2026-09-21T12:40:00+05:30,200.0,201.65,198.0,200.05,701
2026-09-21T12:41:00+05:30,200.5,203.55,200.05,202.15,614
2026-09-21T12:42:00+05:30,202.7,202.7,198.55,200.4,208
2026-09-21T12:43:00+05:30,200.0,201.1,198.55,201.1,251
2026-09-21T12:44:00+05:30,201.2,201.2,193.75,194.7,918
2026-09-21T12:45:00+05:30,194.1,196.45,193.85,194.0,399
2026-09-21T12:46:00+05:30,193.4,193.9,191.65,192.65,472
2026-09-21T12:47:00+05:30,194.7,197.2,194.1,195.9,245
2026-09-21T12:48:00+05:30,196.35,197.9,195.9,196.95,206
2026-09-21T12:49:00+05:30,196.1,198.1,196.0,196.55,153
2026-09-21T12:50:00+05:30,197.05,197.7,196.45,196.7,261
2026-09-21T12:51:00+05:30,198.0,198.8,195.4,195.4,352
2026-09-21T12:52:00+05:30,195.25,199.1,195.0,198.85,176
2026-09-21T12:53:00+05:30,198.95,198.95,197.0,197.05,237
2026-09-21T12:54:00+05:30,197.15,197.15,193.0,193.65,473
2026-09-21T12:55:00+05:30,193.4,195.15,192.3,194.9,174
2026-09-21T12:56:00+05:30,195.1,195.7,193.6,194.2,217
2026-09-21T12:57:00+05:30,192.8,195.8,192.8,194.45,165
2026-09-21T12:58:00+05:30,194.8,196.3,194.2,194.2,175
2026-09-21T12:59:00+05:30,195.2,196.45,194.9,195.85,74
2026-09-21T13:00:00+05:30,196.2,198.3,194.85,197.55,408
2026-09-21T13:01:00+05:30,197.2,197.25,194.0,194.0,405
2026-09-21T13:02:00+05:30,194.4,195.75,193.65,195.05,588
2026-09-21T13:03:00+05:30,195.15,199.3,194.65,199.3,403
2026-09-21T13:04:00+05:30,198.6,201.85,198.45,199.35,588
2026-09-21T13:05:00+05:30,199.9,200.7,197.0,199.85,1308
2026-09-21T13:06:00+05:30,200.0,201.65,199.35,200.05,215
2026-09-21T13:07:00+05:30,199.95,204.2,199.95,203.35,1115
2026-09-21T13:08:00+05:30,203.65,204.1,201.65,203.35,381
2026-09-21T13:09:00+05:30,203.25,206.65,202.25,206.4,683
2026-09-21T13:10:00+05:30,206.1,206.8,203.0,205.3,964
2026-09-21T13:11:00+05:30,204.35,208.55,204.25,207.05,476
2026-09-21T13:12:00+05:30,206.5,206.5,203.5,205.1,444
2026-09-21T13:13:00+05:30,205.0,205.0,200.15,201.75,526
2026-09-21T13:14:00+05:30,201.3,202.35,198.95,199.8,997
2026-09-21T13:15:00+05:30,200.7,200.75,193.1,193.6,1399
2026-09-21T13:16:00+05:30,193.9,195.45,191.5,191.5,3275
2026-09-21T13:17:00+05:30,191.25,193.65,190.55,192.75,719
2026-09-21T13:18:00+05:30,192.35,193.3,186.25,186.25,1869
2026-09-21T13:19:00+05:30,185.9,187.1,181.9,182.85,2100
2026-09-21T13:20:00+05:30,182.0,185.0,178.1,182.85,1387
2026-09-21T13:21:00+05:30,182.65,187.4,182.1,182.25,761
2026-09-21T13:22:00+05:30,182.1,183.45,179.5,183.0,613
2026-09-21T13:23:00+05:30,182.9,183.55,179.25,182.65,1270
2026-09-21T13:24:00+05:30,182.8,186.5,182.5,184.1,634
2026-09-21T13:25:00+05:30,184.3,184.3,182.0,183.0,490
2026-09-21T13:26:00+05:30,181.85,183.75,179.65,181.2,319
2026-09-21T13:27:00+05:30,181.0,182.0,177.0,179.85,1511
2026-09-21T13:28:00+05:30,180.45,181.7,179.05,179.9,267
2026-09-21T13:29:00+05:30,180.0,182.15,179.5,180.4,323
2026-09-21T13:30:00+05:30,180.1,182.5,178.6,182.5,464
2026-09-21T13:31:00+05:30,182.95,183.35,181.3,181.75,449
2026-09-21T13:32:00+05:30,181.45,181.45,178.75,178.95,480
2026-09-21T13:33:00+05:30,179.05,179.05,175.15,176.2,1709
2026-09-21T13:34:00+05:30,173.4,175.6,172.55,173.0,3000
2026-09-21T13:35:00+05:30,172.6,175.9,171.5,174.85,2586
2026-09-21T13:36:00+05:30,174.9,177.85,173.55,177.1,563
2026-09-21T13:37:00+05:30,176.45,177.0,173.5,176.25,250
2026-09-21T13:38:00+05:30,176.4,178.0,175.4,177.55,150
2026-09-21T13:39:00+05:30,177.3,178.65,177.1,178.65,216
2026-09-21T13:40:00+05:30,178.8,181.25,177.65,180.9,382
2026-09-21T13:41:00+05:30,181.25,181.85,179.55,180.25,292
2026-09-21T13:42:00+05:30,180.45,182.05,178.1,181.3,416
2026-09-21T13:43:00+05:30,182.0,183.6,182.0,183.15,411
2026-09-21T13:44:00+05:30,183.2,183.2,180.5,181.75,357
2026-09-21T13:45:00+05:30,181.0,181.8,179.65,180.15,372
2026-09-21T13:46:00+05:30,181.0,182.55,180.5,180.85,195
2026-09-21T13:47:00+05:30,180.2,180.3,178.4,179.45,135
2026-09-21T13:48:00+05:30,180.0,181.55,178.15,180.95,189
2026-09-21T13:49:00+05:30,181.3,182.6,176.8,176.95,381
2026-09-21T13:50:00+05:30,177.0,177.0,174.0,175.6,432
2026-09-21T13:51:00+05:30,175.3,176.05,170.7,175.0,630
2026-09-21T13:52:00+05:30,174.7,174.7,171.45,172.25,253
2026-09-21T13:53:00+05:30,172.0,174.3,168.0,174.3,1852
2026-09-21T13:54:00+05:30,173.85,175.8,173.45,174.25,381
2026-09-21T13:55:00+05:30,173.65,174.1,171.8,172.65,274
2026-09-21T13:56:00+05:30,172.3,173.95,171.95,173.9,393
2026-09-21T13:57:00+05:30,173.45,173.55,166.1,168.35,4619
2026-09-21T13:58:00+05:30,167.45,167.45,161.45,162.9,1645
2026-09-21T13:59:00+05:30,163.35,164.0,154.9,161.0,1659
2026-09-21T14:00:00+05:30,159.7,163.4,159.7,161.3,1133
2026-09-21T14:01:00+05:30,160.95,164.0,160.9,162.3,774
2026-09-21T14:02:00+05:30,162.35,162.35,159.6,161.0,827
2026-09-21T14:03:00+05:30,161.05,161.5,159.8,160.3,452
2026-09-21T14:04:00+05:30,160.3,163.9,160.3,163.3,436
2026-09-21T14:05:00+05:30,163.7,165.35,163.1,163.75,1012
2026-09-21T14:06:00+05:30,163.6,163.85,161.6,162.25,229
2026-09-21T14:07:00+05:30,162.3,164.55,162.3,164.1,901
2026-09-21T14:08:00+05:30,164.45,165.45,162.55,165.0,617
2026-09-21T14:09:00+05:30,165.5,166.85,164.6,165.45,693
2026-09-21T14:10:00+05:30,165.1,168.5,165.0,167.9,553
2026-09-21T14:11:00+05:30,168.45,168.45,165.3,165.9,354
2026-09-21T14:12:00+05:30,166.0,166.25,163.75,163.75,477
2026-09-21T14:13:00+05:30,163.65,166.3,163.4,165.95,414
2026-09-21T14:14:00+05:30,165.4,168.05,164.65,166.2,260
2026-09-21T14:15:00+05:30,167.0,168.0,166.0,168.0,274
2026-09-21T14:16:00+05:30,168.2,168.55,166.55,166.6,458
2026-09-21T14:17:00+05:30,166.5,166.65,164.35,164.95,318
2026-09-21T14:18:00+05:30,164.95,165.3,161.55,161.85,498
2026-09-21T14:19:00+05:30,161.85,163.15,161.0,162.4,478
2026-09-21T14:20:00+05:30,161.55,161.7,159.05,160.75,651
2026-09-21T14:21:00+05:30,160.5,164.0,160.5,163.25,412
2026-09-21T14:22:00+05:30,163.6,166.0,163.2,165.0,487
2026-09-21T14:23:00+05:30,164.75,165.3,163.2,164.55,261
2026-09-21T14:24:00+05:30,163.85,164.65,163.3,164.6,135
2026-09-21T14:25:00+05:30,164.65,165.5,163.75,165.5,357
2026-09-21T14:26:00+05:30,165.4,166.15,164.85,165.1,256
2026-09-21T14:27:00+05:30,164.5,164.5,162.2,162.65,445
2026-09-21T14:28:00+05:30,162.7,166.2,161.7,165.9,282
2026-09-21T14:29:00+05:30,165.6,170.0,165.25,167.8,1460
2026-09-21T14:30:00+05:30,168.25,171.7,167.85,169.4,812
2026-09-21T14:31:00+05:30,169.3,169.45,166.65,168.8,416
2026-09-21T14:32:00+05:30,168.95,170.5,166.8,167.3,339
2026-09-21T14:33:00+05:30,167.1,169.6,167.1,168.5,290
2026-09-21T14:34:00+05:30,168.5,169.65,167.5,169.65,177
2026-09-21T14:35:00+05:30,169.0,171.0,168.65,170.3,609
2026-09-21T14:36:00+05:30,169.8,170.15,167.1,168.5,247
2026-09-21T14:37:00+05:30,168.1,168.5,166.5,167.0,492
2026-09-21T14:38:00+05:30,166.45,166.65,163.55,164.75,676
2026-09-21T14:39:00+05:30,164.5,168.75,164.45,168.25,382
2026-09-21T14:40:00+05:30,167.75,167.75,164.4,165.55,204
2026-09-21T14:41:00+05:30,165.65,168.0,165.6,167.95,371
2026-09-21T14:42:00+05:30,168.0,168.3,165.9,166.0,276
2026-09-21T14:43:00+05:30,165.75,167.45,165.0,167.2,220
2026-09-21T14:44:00+05:30,166.75,168.6,166.4,168.0,313
2026-09-21T14:45:00+05:30,169.4,169.4,166.1,166.4,981
2026-09-21T14:46:00+05:30,166.6,168.65,165.9,168.65,317
2026-09-21T14:47:00+05:30,168.9,168.9,165.25,165.25,208
2026-09-21T14:48:00+05:30,164.85,165.4,162.25,165.4,408
2026-09-21T14:49:00+05:30,165.0,165.95,164.25,164.6,94
2026-09-21T14:50:00+05:30,165.2,165.95,161.95,165.45,491
2026-09-21T14:51:00+05:30,164.8,167.25,163.95,165.15,375
2026-09-21T14:52:00+05:30,164.75,166.75,164.2,165.0,207
2026-09-21T14:53:00+05:30,164.3,167.25,164.3,165.7,278
2026-09-21T14:54:00+05:30,165.8,166.5,164.55,165.5,326
2026-09-21T14:55:00+05:30,165.95,167.0,164.45,165.75,153
2026-09-21T14:56:00+05:30,165.55,166.2,163.65,165.6,628
2026-09-21T14:57:00+05:30,165.6,165.6,162.0,163.7,344
2026-09-21T14:58:00+05:30,163.3,166.85,162.75,166.85,415
2026-09-21T14:59:00+05:30,167.0,167.7,164.85,166.4,621
2026-09-21T15:00:00+05:30,167.45,171.1,164.2,165.15,1074
2026-09-21T15:01:00+05:30,165.85,169.15,164.85,169.15,394
2026-09-21T15:02:00+05:30,168.5,170.95,168.5,170.0,492
2026-09-21T15:03:00+05:30,170.05,170.9,168.15,170.25,318
2026-09-21T15:04:00+05:30,170.0,170.75,168.8,169.95,471
2026-09-21T15:05:00+05:30,170.2,170.45,167.15,168.7,447
2026-09-21T15:06:00+05:30,168.45,169.65,168.05,169.65,450
2026-09-21T15:07:00+05:30,169.55,171.0,169.25,170.5,506
2026-09-21T15:08:00+05:30,171.0,172.7,170.25,170.25,843
2026-09-21T15:09:00+05:30,171.8,171.8,167.7,170.4,550
2026-09-21T15:10:00+05:30,170.8,172.8,170.3,172.8,1063
2026-09-21T15:11:00+05:30,172.8,175.05,171.85,173.2,796
2026-09-21T15:12:00+05:30,174.05,175.55,171.7,174.5,1051
2026-09-21T15:13:00+05:30,174.95,175.5,169.55,173.4,876
2026-09-21T15:14:00+05:30,173.4,174.55,170.75,172.75,623
2026-09-21T15:15:00+05:30,173.3,173.55,164.7,168.55,1276
2026-09-21T15:16:00+05:30,169.9,170.05,166.6,166.6,782
2026-09-21T15:17:00+05:30,168.25,170.3,167.95,169.25,529
2026-09-21T15:18:00+05:30,170.05,171.35,168.4,169.35,589
2026-09-21T15:19:00+05:30,169.65,170.15,146.35,165.7,2441
2026-09-21T15:20:00+05:30,168.95,172.1,163.65,165.7,2434
2026-09-21T15:21:00+05:30,165.4,167.0,161.1,161.9,745
2026-09-21T15:22:00+05:30,160.95,162.05,157.7,159.9,1493
2026-09-21T15:23:00+05:30,160.05,162.05,160.0,160.85,911
2026-09-21T15:24:00+05:30,160.85,161.75,158.45,160.4,605
2026-09-21T15:25:00+05:30,160.3,162.0,158.4,162.0,991
2026-09-21T15:26:00+05:30,161.9,163.5,160.6,162.9,869
2026-09-21T15:27:00+05:30,162.8,164.3,161.35,162.35,1158
2026-09-21T15:28:00+05:30,161.6,162.15,158.95,161.85,1038
2026-09-21T15:29:00+05:30,162.0,162.95,159.0,159.5,780
2026-09-21T15:30:00+05:30,160.3,161.45,158.85,158.85,592
2026-09-21T15:31:00+05:30,158.95,159.7,155.05,155.05,681
2026-09-21T15:32:00+05:30,156.7,160.45,156.7,159.55,830
2026-09-21T15:33:00+05:30,159.35,159.55,157.2,157.4,849
2026-09-21T15:34:00+05:30,157.75,158.7,152.0,152.0,832
2026-09-21T15:35:00+05:30,151.9,154.55,150.35,154.05,1167
2026-09-21T15:36:00+05:30,154.9,157.75,154.6,157.15,725
2026-09-21T15:37:00+05:30,156.65,159.3,156.5,159.3,627
2026-09-21T15:38:00+05:30,159.4,160.0,158.55,160.0,837
2026-09-21T15:39:00+05:30,160.0,160.0,144.0,155.0,1552
2026-09-22T09:15:00+05:30,125.0,134.7,105.1,125.3,4930
2026-09-22T09:16:00+05:30,121.95,131.5,117.5,129.35,3822
2026-09-22T09:17:00+05:30,129.35,132.25,125.95,128.7,3536
2026-09-22T09:18:00+05:30,128.85,128.95,119.55,121.05,1931
2026-09-22T09:19:00+05:30,122.2,129.05,118.75,128.85,1572
2026-09-22T09:20:00+05:30,128.95,136.0,122.8,131.6,2667
2026-09-22T09:21:00+05:30,132.2,134.2,126.75,127.95,2010
2026-09-22T09:22:00+05:30,128.15,128.55,122.75,128.55,1131
2026-09-22T09:23:00+05:30,128.35,129.7,123.0,124.5,867
2026-09-22T09:24:00+05:30,123.4,124.1,120.5,124.1,1268
2026-09-22T09:25:00+05:30,125.25,130.6,124.75,128.7,1289
2026-09-22T09:26:00+05:30,128.25,133.75,128.2,133.0,1342
2026-09-22T09:27:00+05:30,133.05,138.35,131.7,133.4,2205
2026-09-22T09:28:00+05:30,133.0,135.1,128.55,131.05,1729
2026-09-22T09:29:00+05:30,131.65,132.0,119.2,120.35,1926
2026-09-22T09:30:00+05:30,119.6,124.0,117.2,120.7,2665
2026-09-22T09:31:00+05:30,120.75,123.35,117.1,119.0,1268
2026-09-22T09:32:00+05:30,119.6,124.8,117.05,123.05,1245
2026-09-22T09:33:00+05:30,123.05,125.0,120.75,124.7,1113
2026-09-22T09:34:00+05:30,124.95,125.05,121.6,122.55,527
2026-09-22T09:35:00+05:30,122.9,126.2,120.8,124.9,666
2026-09-22T09:36:00+05:30,124.9,124.9,121.65,123.1,299
2026-09-22T09:37:00+05:30,122.75,122.75,117.25,118.25,807
2026-09-22T09:38:00+05:30,118.3,118.3,111.25,115.65,1454
2026-09-22T09:39:00+05:30,113.6,115.05,108.9,112.3,796
2026-09-22T09:40:00+05:30,112.15,115.5,111.75,112.6,487
2026-09-22T09:41:00+05:30,112.05,112.05,107.85,109.05,885
2026-09-22T09:42:00+05:30,109.1,109.85,106.15,106.9,918
2026-09-22T09:43:00+05:30,106.0,110.2,105.0,108.0,973
2026-09-22T09:44:00+05:30,108.35,110.05,107.1,107.3,319
2026-09-22T09:45:00+05:30,106.3,109.5,104.5,107.8,822
2026-09-22T09:46:00+05:30,108.05,108.55,106.4,106.55,683
2026-09-22T09:47:00+05:30,105.9,108.0,105.25,106.05,533
2026-09-22T09:48:00+05:30,106.5,108.3,102.5,108.15,1049
2026-09-22T09:49:00+05:30,108.3,109.35,106.1,107.65,605
2026-09-22T09:50:00+05:30,107.75,108.25,104.25,105.4,456
2026-09-22T09:51:00+05:30,105.15,108.5,104.25,108.1,317
2026-09-22T09:52:00+05:30,108.65,109.0,105.6,107.15,431
2026-09-22T09:53:00+05:30,107.1,107.1,104.5,104.5,572
2026-09-22T09:54:00+05:30,104.4,105.9,103.2,105.45,727
2026-09-22T09:55:00+05:30,104.95,108.0,104.05,106.4,632
2026-09-22T09:56:00+05:30,106.0,106.45,103.05,105.05,509
2026-09-22T09:57:00+05:30,105.5,107.6,105.2,106.8,290
2026-09-22T09:58:00+05:30,107.0,107.25,102.15,102.3,459
2026-09-22T09:59:00+05:30,102.65,104.4,102.25,102.45,401
2026-09-22T10:00:00+05:30,101.65,102.95,98.85,99.05,1091
2026-09-22T10:01:00+05:30,98.95,101.25,96.7,100.95,874
2026-09-22T10:02:00+05:30,101.1,103.6,100.8,103.0,456
2026-09-22T10:03:00+05:30,102.55,102.65,100.8,101.15,167
2026-09-22T10:04:00+05:30,101.0,101.0,97.65,99.95,651
2026-09-22T10:05:00+05:30,99.45,99.6,98.25,98.85,280
2026-09-22T10:06:00+05:30,99.35,101.9,98.55,101.65,445
2026-09-22T10:07:00+05:30,101.85,102.4,97.55,97.8,650
2026-09-22T10:08:00+05:30,97.8,97.85,93.8,94.2,1330
2026-09-22T10:09:00+05:30,94.7,94.9,92.85,94.3,1072
2026-09-22T10:10:00+05:30,93.5,96.2,92.55,95.8,614
2026-09-22T10:11:00+05:30,95.45,95.5,92.4,93.7,657
2026-09-22T10:12:00+05:30,93.4,95.9,93.4,94.85,651
2026-09-22T10:13:00+05:30,95.3,96.9,95.15,95.55,649
2026-09-22T10:14:00+05:30,95.6,95.85,94.2,95.4,362
2026-09-22T10:15:00+05:30,95.65,97.05,95.25,96.65,247
2026-09-22T10:16:00+05:30,96.9,99.0,96.35,97.55,978
2026-09-22T10:17:00+05:30,97.6,97.9,94.65,95.35,493
2026-09-22T10:18:00+05:30,95.1,97.15,93.75,93.75,521
2026-09-22T10:19:00+05:30,94.2,95.65,93.15,95.25,662
2026-09-22T10:20:00+05:30,95.55,98.7,95.35,98.35,421
2026-09-22T10:21:00+05:30,98.15,101.9,97.7,101.1,1079
2026-09-22T10:22:00+05:30,100.75,107.0,100.75,105.95,2743
2026-09-22T10:23:00+05:30,105.8,106.0,101.45,103.4,768
2026-09-22T10:24:00+05:30,103.05,106.1,103.05,104.15,531
2026-09-22T10:25:00+05:30,104.5,108.05,104.2,107.6,699
2026-09-22T10:26:00+05:30,108.3,111.3,107.4,110.1,1512
2026-09-22T10:27:00+05:30,109.65,110.75,107.45,108.0,1194
2026-09-22T10:28:00+05:30,108.5,110.0,108.0,108.8,689
2026-09-22T10:29:00+05:30,108.6,109.95,105.5,109.75,1189
2026-09-22T10:30:00+05:30,109.65,116.95,108.7,116.1,1219
2026-09-22T10:31:00+05:30,116.45,121.95,116.45,118.25,2413
2026-09-22T10:32:00+05:30,118.0,127.35,118.0,127.05,2973
2026-09-22T10:33:00+05:30,126.75,132.7,124.15,129.85,2851
2026-09-22T10:34:00+05:30,129.5,135.3,126.75,128.65,2312
2026-09-22T10:35:00+05:30,128.8,144.3,128.8,143.25,4063
2026-09-22T10:36:00+05:30,144.8,145.15,138.15,139.0,2804
2026-09-22T10:37:00+05:30,139.55,140.5,135.75,137.3,1330
2026-09-22T10:38:00+05:30,137.35,142.4,134.8,141.55,1213
2026-09-22T10:39:00+05:30,141.65,146.4,141.15,144.7,2076
2026-09-22T10:40:00+05:30,144.8,144.8,137.5,142.1,2074
2026-09-22T10:41:00+05:30,142.6,170.35,142.35,166.3,4235
2026-09-22T10:42:00+05:30,171.9,202.5,171.9,173.9,10258
2026-09-22T10:43:00+05:30,174.35,178.05,164.45,166.45,3442
2026-09-22T10:44:00+05:30,165.9,175.9,165.9,174.5,2085
2026-09-22T10:45:00+05:30,175.85,184.35,175.85,181.2,2295
2026-09-22T10:46:00+05:30,180.95,180.95,170.85,171.1,1844
2026-09-22T10:47:00+05:30,172.5,175.1,168.3,170.95,1383
2026-09-22T10:48:00+05:30,169.65,178.8,169.65,177.55,1230
2026-09-22T10:49:00+05:30,177.3,179.35,169.75,179.35,1205
2026-09-22T10:50:00+05:30,179.85,189.05,179.65,185.4,2644
2026-09-22T10:51:00+05:30,185.95,189.7,180.6,185.55,3577
2026-09-22T10:52:00+05:30,185.75,193.25,184.15,191.45,1919
2026-09-22T10:53:00+05:30,191.35,192.15,185.75,185.95,1475
2026-09-22T10:54:00+05:30,186.0,188.8,178.25,179.2,1788
2026-09-22T10:55:00+05:30,179.5,181.05,173.2,173.4,2017
2026-09-22T10:56:00+05:30,173.35,179.9,171.8,174.9,1708
2026-09-22T10:57:00+05:30,176.1,176.1,164.6,166.45,1759
2026-09-22T10:58:00+05:30,166.3,168.7,162.2,166.85,1350
2026-09-22T10:59:00+05:30,167.75,168.95,160.55,161.15,1340
2026-09-22T11:00:00+05:30,161.15,171.55,160.3,168.8,1227
2026-09-22T11:01:00+05:30,169.15,175.9,166.3,171.1,1771
2026-09-22T11:02:00+05:30,172.3,175.9,171.65,174.0,1117
2026-09-22T11:03:00+05:30,174.2,179.0,173.15,173.3,957
2026-09-22T11:04:00+05:30,174.45,176.1,171.6,175.3,748
2026-09-22T11:05:00+05:30,177.05,178.45,170.5,176.1,1307
2026-09-22T11:06:00+05:30,176.1,177.45,171.25,171.25,716
2026-09-22T11:07:00+05:30,171.45,176.0,169.85,171.5,668
2026-09-22T11:08:00+05:30,171.7,175.2,171.35,172.2,707
2026-09-22T11:09:00+05:30,172.25,174.35,168.1,169.6,1039
2026-09-22T11:10:00+05:30,169.05,170.0,164.15,167.2,1014
2026-09-22T11:11:00+05:30,165.5,167.55,161.6,166.7,1825
2026-09-22T11:12:00+05:30,166.35,167.0,163.25,163.25,621
2026-09-22T11:13:00+05:30,163.7,163.7,157.65,159.8,1643
2026-09-22T11:14:00+05:30,159.55,161.2,151.9,154.25,1883
2026-09-22T11:15:00+05:30,153.95,157.0,153.9,155.65,814
2026-09-22T11:16:00+05:30,155.85,159.4,148.4,150.65,1301
2026-09-22T11:17:00+05:30,151.0,152.1,145.9,150.1,1593
2026-09-22T11:18:00+05:30,151.0,156.65,151.0,154.5,976
2026-09-22T11:19:00+05:30,155.5,162.0,155.5,160.85,2118
2026-09-22T11:20:00+05:30,159.1,163.7,156.4,157.1,1285
2026-09-22T11:21:00+05:30,156.95,159.15,152.0,154.5,1236
2026-09-22T11:22:00+05:30,153.35,153.75,148.8,150.15,2290
2026-09-22T11:23:00+05:30,150.45,152.15,147.25,150.95,1107
2026-09-22T11:24:00+05:30,151.0,151.3,144.6,146.8,1149
2026-09-22T11:25:00+05:30,147.55,148.0,142.9,146.4,1149
2026-09-22T11:26:00+05:30,147.65,150.65,145.6,150.65,797
2026-09-22T11:27:00+05:30,150.9,151.85,148.0,150.6,613
2026-09-22T11:28:00+05:30,150.85,153.0,148.0,150.55,1070
2026-09-22T11:29:00+05:30,150.55,154.75,149.95,151.5,904
2026-09-22T11:30:00+05:30,151.8,164.0,151.8,161.6,1409
2026-09-22T11:31:00+05:30,160.85,166.3,160.05,166.3,1341
2026-09-22T11:32:00+05:30,166.1,170.0,164.5,164.9,1663
2026-09-22T11:33:00+05:30,165.05,169.4,163.05,165.2,1011
2026-09-22T11:34:00+05:30,166.55,169.2,163.7,168.7,697
2026-09-22T11:35:00+05:30,170.0,175.7,168.25,169.0,1475
2026-09-22T11:36:00+05:30,169.2,171.7,167.25,167.25,792
2026-09-22T11:37:00+05:30,166.45,171.65,166.0,168.4,601
2026-09-22T11:38:00+05:30,167.45,170.5,165.1,170.15,839
2026-09-22T11:39:00+05:30,169.75,180.0,169.75,175.8,1664
2026-09-22T11:40:00+05:30,175.0,182.5,172.35,173.15,1837
2026-09-22T11:41:00+05:30,173.5,175.2,170.75,175.2,701
2026-09-22T11:42:00+05:30,175.1,181.45,173.85,179.75,862
2026-09-22T11:43:00+05:30,180.35,181.0,176.95,178.95,812
2026-09-22T11:44:00+05:30,179.5,180.0,172.5,172.9,841
2026-09-22T11:45:00+05:30,174.75,178.15,174.75,176.65,720
2026-09-22T11:46:00+05:30,176.85,189.5,176.85,186.05,2357
2026-09-22T11:47:00+05:30,188.95,195.45,183.95,187.9,3153
2026-09-22T11:48:00+05:30,188.0,188.0,178.75,182.45,1610
2026-09-22T11:49:00+05:30,182.7,186.8,182.7,186.75,914
2026-09-22T11:50:00+05:30,187.1,188.45,185.7,187.9,1151
2026-09-22T11:51:00+05:30,187.65,192.65,186.7,191.65,1756
2026-09-22T11:52:00+05:30,193.3,194.45,181.5,183.05,1651
2026-09-22T11:53:00+05:30,182.65,188.2,182.55,187.0,540
2026-09-22T11:54:00+05:30,186.65,193.9,186.5,193.85,1316
2026-09-22T11:55:00+05:30,193.85,196.9,191.6,194.05,2202
2026-09-22T11:56:00+05:30,196.1,209.15,192.85,194.95,4457
2026-09-22T11:57:00+05:30,195.2,196.6,191.2,193.8,1504
2026-09-22T11:58:00+05:30,194.25,195.55,188.05,188.45,2169
2026-09-22T11:59:00+05:30,188.25,188.6,182.8,184.85,1295
2026-09-22T12:00:00+05:30,186.0,190.25,182.8,190.25,1061
2026-09-22T12:01:00+05:30,190.1,193.4,188.75,190.3,1337
2026-09-22T12:02:00+05:30,189.95,191.5,185.85,189.5,855
2026-09-22T12:03:00+05:30,190.15,190.75,181.65,183.05,777
2026-09-22T12:04:00+05:30,183.05,186.95,182.25,183.55,1029
2026-09-22T12:05:00+05:30,183.75,185.15,178.05,178.2,1045
2026-09-22T12:06:00+05:30,177.25,183.0,176.55,183.0,833
2026-09-22T12:07:00+05:30,182.7,187.95,182.7,186.7,732
2026-09-22T12:08:00+05:30,185.5,186.45,175.75,177.2,957
2026-09-22T12:09:00+05:30,176.9,179.35,173.65,174.0,1279
2026-09-22T12:10:00+05:30,175.65,177.75,173.65,177.35,757
2026-09-22T12:11:00+05:30,177.5,182.0,177.25,179.9,1259
2026-09-22T12:12:00+05:30,179.85,182.85,179.85,181.5,646
2026-09-22T12:13:00+05:30,181.55,185.25,181.55,184.85,509
2026-09-22T12:14:00+05:30,184.65,185.55,178.9,185.0,1450
2026-09-22T12:15:00+05:30,184.6,190.55,184.6,189.25,1296
2026-09-22T12:16:00+05:30,188.35,190.35,182.3,183.25,1358
2026-09-22T12:17:00+05:30,183.9,183.9,178.5,179.05,1192
2026-09-22T12:18:00+05:30,179.35,180.5,175.7,178.8,434
2026-09-22T12:19:00+05:30,179.75,179.75,169.35,170.6,1588
2026-09-22T12:20:00+05:30,169.5,173.45,167.4,172.7,1025
2026-09-22T12:21:00+05:30,173.55,173.55,164.85,164.85,815
2026-09-22T12:22:00+05:30,164.5,172.0,164.5,170.95,818
2026-09-22T12:23:00+05:30,171.2,173.15,168.55,172.15,390
2026-09-22T12:24:00+05:30,173.4,177.05,173.3,177.05,764
2026-09-22T12:25:00+05:30,176.65,178.5,171.45,175.0,543
2026-09-22T12:26:00+05:30,173.95,175.2,168.7,170.3,688
2026-09-22T12:27:00+05:30,170.1,174.95,166.6,171.9,909
2026-09-22T12:28:00+05:30,172.3,175.75,170.4,171.9,428
2026-09-22T12:29:00+05:30,171.75,177.0,171.25,176.35,670
2026-09-22T12:30:00+05:30,176.1,184.55,175.85,183.15,1411
2026-09-22T12:31:00+05:30,183.25,185.7,180.65,180.75,858
2026-09-22T12:32:00+05:30,179.85,179.95,175.0,177.75,951
2026-09-22T12:33:00+05:30,176.75,178.5,172.6,178.5,314
2026-09-22T12:34:00+05:30,178.75,180.05,175.55,176.05,547
2026-09-22T12:35:00+05:30,173.9,175.4,170.5,173.2,834
2026-09-22T12:36:00+05:30,174.55,179.9,174.55,176.6,597
2026-09-22T12:37:00+05:30,177.7,179.5,174.8,174.8,527
2026-09-22T12:38:00+05:30,175.05,177.2,173.6,174.7,427
2026-09-22T12:39:00+05:30,175.0,179.95,175.0,176.65,591
2026-09-22T12:40:00+05:30,176.2,180.35,173.4,174.6,543
2026-09-22T12:41:00+05:30,174.85,177.55,172.75,175.3,239
2026-09-22T12:42:00+05:30,175.3,175.55,171.75,175.55,336
2026-09-22T12:43:00+05:30,174.8,181.55,173.05,181.3,509
2026-09-22T12:44:00+05:30,180.95,188.55,179.85,187.8,2219
2026-09-22T12:45:00+05:30,188.35,195.55,188.35,191.8,2420
2026-09-22T12:46:00+05:30,192.35,193.95,187.4,188.5,2281
2026-09-22T12:47:00+05:30,189.5,191.0,184.15,185.5,1180
2026-09-22T12:48:00+05:30,184.8,187.95,180.9,181.4,678
2026-09-22T12:49:00+05:30,181.15,193.85,179.6,191.9,1208
2026-09-22T12:50:00+05:30,194.05,199.95,193.15,196.6,2896
2026-09-22T12:51:00+05:30,195.8,203.2,192.5,197.45,2770
2026-09-22T12:52:00+05:30,197.1,197.2,190.2,192.3,1251
2026-09-22T12:53:00+05:30,192.2,196.6,190.0,196.6,879
2026-09-22T12:54:00+05:30,196.75,201.75,195.3,201.75,1298
2026-09-22T12:55:00+05:30,204.0,211.0,199.75,209.35,2975
2026-09-22T12:56:00+05:30,210.4,211.05,198.5,200.1,3881
2026-09-22T12:57:00+05:30,199.3,203.15,196.35,202.5,1545
2026-09-22T12:58:00+05:30,203.0,204.1,198.35,202.0,1036
2026-09-22T12:59:00+05:30,203.0,205.2,201.0,204.15,1234
2026-09-22T13:00:00+05:30,204.05,222.0,204.05,215.6,5474
2026-09-22T13:01:00+05:30,215.95,220.8,204.5,205.9,3832
2026-09-22T13:02:00+05:30,207.0,214.4,203.7,214.35,2027
2026-09-22T13:03:00+05:30,214.2,218.9,214.2,216.35,2081
2026-09-22T13:04:00+05:30,217.4,217.4,210.9,213.8,1179
2026-09-22T13:05:00+05:30,214.2,214.95,210.2,210.95,833
2026-09-22T13:06:00+05:30,210.8,211.5,203.85,204.3,1506
2026-09-22T13:07:00+05:30,203.65,203.75,196.25,198.0,4214
2026-09-22T13:08:00+05:30,198.2,203.35,197.45,197.5,1396
2026-09-22T13:09:00+05:30,197.2,200.1,192.75,194.05,1193
2026-09-22T13:10:00+05:30,194.3,195.3,190.45,194.05,1288
2026-09-22T13:11:00+05:30,194.1,199.5,193.85,199.5,895
2026-09-22T13:12:00+05:30,198.05,200.4,194.7,196.25,1258
2026-09-22T13:13:00+05:30,195.0,201.25,194.85,199.15,858
2026-09-22T13:14:00+05:30,199.25,199.25,192.55,194.25,788
2026-09-22T13:15:00+05:30,195.0,196.95,187.0,194.0,1558
2026-09-22T13:16:00+05:30,194.5,197.95,193.1,196.25,981
2026-09-22T13:17:00+05:30,196.2,206.35,196.2,205.2,2022
2026-09-22T13:18:00+05:30,205.35,210.1,202.8,202.8,1904
2026-09-22T13:19:00+05:30,203.35,203.7,197.7,202.0,1549
2026-09-22T13:20:00+05:30,201.8,210.45,201.8,209.95,1325
2026-09-22T13:21:00+05:30,208.25,211.35,207.5,209.8,963
2026-09-22T13:22:00+05:30,210.1,212.3,208.55,210.7,1962
2026-09-22T13:23:00+05:30,210.65,211.6,207.1,208.5,1129
2026-09-22T13:24:00+05:30,208.3,210.85,203.3,204.05,1010
2026-09-22T13:25:00+05:30,203.95,209.0,201.8,206.2,1107
2026-09-22T13:26:00+05:30,205.1,210.45,202.05,208.4,931
2026-09-22T13:27:00+05:30,208.35,208.65,202.0,202.15,461
2026-09-22T13:28:00+05:30,201.35,202.0,197.2,200.5,1530
2026-09-22T13:29:00+05:30,201.4,202.95,196.85,200.65,575
2026-09-22T13:30:00+05:30,199.55,201.9,196.25,197.65,951
2026-09-22T13:31:00+05:30,197.7,198.45,193.3,197.15,1130
2026-09-22T13:32:00+05:30,196.6,197.3,190.85,196.0,832
2026-09-22T13:33:00+05:30,196.3,197.05,192.25,194.8,455
2026-09-22T13:34:00+05:30,193.0,194.05,187.2,191.1,1849
2026-09-22T13:35:00+05:30,191.4,195.75,188.35,188.65,668
2026-09-22T13:36:00+05:30,188.4,193.75,186.5,193.0,851
2026-09-22T13:37:00+05:30,191.8,191.8,185.3,185.3,991
2026-09-22T13:38:00+05:30,185.6,192.0,184.8,191.8,689
2026-09-22T13:39:00+05:30,192.05,192.05,188.25,189.5,518
2026-09-22T13:40:00+05:30,188.0,188.8,185.85,187.15,921
2026-09-22T13:41:00+05:30,185.95,188.95,183.75,185.95,703
2026-09-22T13:42:00+05:30,187.2,187.65,176.15,180.9,1933
2026-09-22T13:43:00+05:30,182.0,187.6,181.0,187.5,844
2026-09-22T13:44:00+05:30,188.25,198.3,187.95,198.3,2257
2026-09-22T13:45:00+05:30,197.6,205.0,196.85,201.2,3846
2026-09-22T13:46:00+05:30,202.25,208.05,202.15,205.75,2418
2026-09-22T13:47:00+05:30,206.1,208.0,199.65,204.1,1467
2026-09-22T13:48:00+05:30,206.0,213.0,204.2,212.95,2134
2026-09-22T13:49:00+05:30,215.1,220.75,208.25,208.7,3036
2026-09-22T13:50:00+05:30,208.0,215.8,207.5,213.2,3621
2026-09-22T13:51:00+05:30,214.95,225.75,214.25,222.85,4156
2026-09-22T13:52:00+05:30,223.1,224.35,217.05,219.45,2324
2026-09-22T13:53:00+05:30,220.15,258.1,219.4,250.2,7865
2026-09-22T13:54:00+05:30,251.3,272.85,250.05,252.25,17325
2026-09-22T13:55:00+05:30,252.2,252.8,229.55,247.6,6973
2026-09-22T13:56:00+05:30,248.75,257.75,247.2,257.1,4746
2026-09-22T13:57:00+05:30,259.2,262.5,256.25,260.85,5072
2026-09-22T13:58:00+05:30,262.6,267.45,256.0,260.9,4210
2026-09-22T13:59:00+05:30,261.8,267.0,260.35,262.4,3987
2026-09-22T14:00:00+05:30,263.75,297.95,263.75,288.75,16951
2026-09-22T14:01:00+05:30,290.5,291.6,272.0,272.4,8727
2026-09-22T14:02:00+05:30,272.9,280.15,267.55,275.75,6645
2026-09-22T14:03:00+05:30,274.6,277.0,272.0,272.95,2296
2026-09-22T14:04:00+05:30,273.0,273.0,258.7,260.0,4449
2026-09-22T14:05:00+05:30,261.65,271.0,256.0,270.3,4383
2026-09-22T14:06:00+05:30,271.0,278.0,257.65,262.25,4421
2026-09-22T14:07:00+05:30,260.7,270.05,260.1,267.85,2047
2026-09-22T14:08:00+05:30,268.7,272.15,266.25,266.85,1835
2026-09-22T14:09:00+05:30,265.2,265.35,243.55,244.75,4872
2026-09-22T14:10:00+05:30,244.55,248.35,232.7,241.25,4837
2026-09-22T14:11:00+05:30,240.7,244.75,221.85,225.2,4252
2026-09-22T14:12:00+05:30,223.9,231.9,201.35,204.85,6059
2026-09-22T14:13:00+05:30,205.3,211.25,200.55,205.0,6341
2026-09-22T14:14:00+05:30,205.0,210.0,159.2,159.55,15603
2026-09-22T14:15:00+05:30,155.7,166.8,137.15,164.5,26618
2026-09-22T14:16:00+05:30,163.25,178.2,160.05,170.15,10098
2026-09-22T14:17:00+05:30,169.6,169.6,154.9,155.6,4740
2026-09-22T14:18:00+05:30,155.05,164.3,153.9,158.65,4304
2026-09-22T14:19:00+05:30,157.25,158.95,154.45,156.6,3477
2026-09-22T14:20:00+05:30,156.15,158.55,148.05,152.5,3898
2026-09-22T14:21:00+05:30,150.75,154.9,145.0,152.05,3843
2026-09-22T14:22:00+05:30,153.15,153.8,146.65,151.7,2134
2026-09-22T14:23:00+05:30,151.35,157.0,146.95,157.0,1300
2026-09-22T14:24:00+05:30,156.55,168.9,154.0,166.55,2266
2026-09-22T14:25:00+05:30,166.75,167.7,159.45,160.6,3382
2026-09-22T14:26:00+05:30,160.95,162.7,157.0,158.2,2055
2026-09-22T14:27:00+05:30,156.95,160.9,155.0,158.0,2417
2026-09-22T14:28:00+05:30,157.9,164.75,157.5,157.5,1474
2026-09-22T14:29:00+05:30,157.7,160.0,154.5,159.75,1714
2026-09-22T14:30:00+05:30,160.0,163.65,155.8,163.15,1451
2026-09-22T14:31:00+05:30,163.1,163.75,159.5,161.05,1662
2026-09-22T14:32:00+05:30,160.75,161.65,152.25,158.65,1936
2026-09-22T14:33:00+05:30,157.5,166.4,157.3,165.45,2354
2026-09-22T14:34:00+05:30,166.35,173.35,164.2,169.4,3127
2026-09-22T14:35:00+05:30,168.3,168.6,160.05,161.35,2360
2026-09-22T14:36:00+05:30,159.95,162.5,154.2,157.7,1787
2026-09-22T14:37:00+05:30,158.25,165.45,157.95,158.05,1211
2026-09-22T14:38:00+05:30,157.8,166.5,157.8,164.7,1356
2026-09-22T14:39:00+05:30,164.8,164.8,160.0,163.05,1335
2026-09-22T14:40:00+05:30,162.25,167.25,160.8,167.15,2090
2026-09-22T14:41:00+05:30,168.3,174.6,162.95,168.2,3577
2026-09-22T14:42:00+05:30,166.35,188.55,166.35,181.55,4404
2026-09-22T14:43:00+05:30,181.6,184.7,179.25,181.7,2019
2026-09-22T14:44:00+05:30,182.6,184.0,176.05,181.05,1653
2026-09-22T14:45:00+05:30,180.55,184.0,167.9,171.1,4655
2026-09-22T14:46:00+05:30,170.7,176.3,168.3,170.3,1289
2026-09-22T14:47:00+05:30,170.35,176.1,169.0,172.65,879
2026-09-22T14:48:00+05:30,172.8,176.35,168.75,173.0,945
2026-09-22T14:49:00+05:30,172.35,175.3,170.6,175.3,810
2026-09-22T14:50:00+05:30,176.4,177.2,162.85,164.6,2020
2026-09-22T14:51:00+05:30,163.3,169.7,162.0,169.6,1596
2026-09-22T14:52:00+05:30,169.1,173.1,162.75,163.85,1608
2026-09-22T14:53:00+05:30,163.2,169.55,161.6,168.25,1629
2026-09-22T14:54:00+05:30,168.75,168.75,159.8,163.9,1149
2026-09-22T14:55:00+05:30,164.05,167.35,162.55,163.9,757
2026-09-22T14:56:00+05:30,164.4,170.3,164.25,166.8,983
2026-09-22T14:57:00+05:30,166.85,171.15,166.85,171.15,836
2026-09-22T14:58:00+05:30,170.0,178.3,169.95,178.3,2668
2026-09-22T14:59:00+05:30,180.0,182.85,174.6,175.75,3780
2026-09-22T15:00:00+05:30,177.15,178.0,171.5,175.75,1947
2026-09-22T15:01:00+05:30,176.6,181.0,166.15,168.2,2644
2026-09-22T15:02:00+05:30,167.1,173.8,163.85,173.8,1567
2026-09-22T15:03:00+05:30,174.3,176.9,170.15,170.65,1990
2026-09-22T15:04:00+05:30,171.3,174.4,167.45,172.5,1144
2026-09-22T15:05:00+05:30,172.7,174.0,169.3,173.85,1199
2026-09-22T15:06:00+05:30,175.2,176.4,172.8,174.2,1388
2026-09-22T15:07:00+05:30,174.4,175.05,171.8,174.35,592
2026-09-22T15:08:00+05:30,174.55,177.1,172.1,174.5,1139
2026-09-22T15:09:00+05:30,174.4,176.05,170.65,171.75,1081
2026-09-22T15:10:00+05:30,172.55,174.5,167.0,168.8,1809
2026-09-22T15:11:00+05:30,166.85,170.05,161.3,164.3,2590
2026-09-22T15:12:00+05:30,164.7,170.5,164.7,166.9,1120
2026-09-22T15:13:00+05:30,166.9,170.15,166.55,169.2,1130
2026-09-22T15:14:00+05:30,168.85,171.2,165.5,167.55,1286
2026-09-22T15:15:00+05:30,166.95,173.25,166.0,172.15,1270
2026-09-22T15:16:00+05:30,172.75,172.75,160.75,164.15,1341
2026-09-22T15:17:00+05:30,163.3,167.1,162.1,167.1,761
2026-09-22T15:18:00+05:30,167.0,167.4,162.55,166.45,728
2026-09-22T15:19:00+05:30,165.8,170.75,163.25,166.85,724
2026-09-22T15:20:00+05:30,165.8,175.0,165.8,168.6,3310
2026-09-22T15:21:00+05:30,171.0,174.05,167.8,170.8,1735
2026-09-22T15:22:00+05:30,168.65,171.8,153.6,159.8,3115
2026-09-22T15:23:00+05:30,162.2,164.6,155.45,159.4,1932
2026-09-22T15:24:00+05:30,159.85,162.95,156.8,160.95,1159
2026-09-22T15:25:00+05:30,161.05,162.7,159.8,161.75,1423
2026-09-22T15:26:00+05:30,160.25,163.95,154.95,160.45,1840
2026-09-22T15:27:00+05:30,162.25,164.7,160.3,163.6,1248
2026-09-22T15:28:00+05:30,162.55,165.9,161.8,164.95,1616
2026-09-22T15:29:00+05:30,166.35,167.05,163.4,163.6,2944
2026-09-22T15:30:00+05:30,164.1,166.35,163.6,164.35,996
