timestamp,open,high,low,close,volume
2026-07-14T09:15:00+05:30,186.5,242.0,186.5,236.1,6044
2026-07-14T09:16:00+05:30,232.55,247.55,210.25,215.45,4648
2026-07-14T09:17:00+05:30,218.65,221.65,206.4,208.5,2998
2026-07-14T09:18:00+05:30,207.75,216.95,207.75,216.1,1307
2026-07-14T09:19:00+05:30,217.1,220.0,214.6,217.25,918
2026-07-14T09:20:00+05:30,216.9,217.7,202.15,203.25,962
2026-07-14T09:21:00+05:30,203.5,205.75,197.45,203.5,1567
2026-07-14T09:22:00+05:30,203.0,205.1,190.75,194.1,885
2026-07-14T09:23:00+05:30,194.6,201.9,192.5,198.15,677
2026-07-14T09:24:00+05:30,197.5,200.4,191.85,195.4,527
2026-07-14T09:25:00+05:30,195.9,200.0,193.5,195.25,566
2026-07-14T09:26:00+05:30,195.3,198.15,184.6,186.35,714
2026-07-14T09:27:00+05:30,185.95,190.0,184.85,185.1,469
2026-07-14T09:28:00+05:30,185.8,190.45,183.45,185.6,1410
2026-07-14T09:29:00+05:30,186.0,189.05,181.75,185.35,530
2026-07-14T09:30:00+05:30,185.2,192.45,185.2,189.3,736
2026-07-14T09:31:00+05:30,190.0,198.6,184.65,198.25,739
2026-07-14T09:32:00+05:30,197.05,199.45,183.4,184.7,1270
2026-07-14T09:33:00+05:30,184.3,190.05,181.8,185.7,844
2026-07-14T09:34:00+05:30,185.9,190.7,184.1,190.0,669
2026-07-14T09:35:00+05:30,189.05,201.95,189.05,200.9,685
2026-07-14T09:36:00+05:30,200.65,206.75,197.45,205.95,1278
2026-07-14T09:37:00+05:30,205.0,207.1,196.95,206.1,900
2026-07-14T09:38:00+05:30,205.25,212.75,203.05,212.75,1412
2026-07-14T09:39:00+05:30,212.0,212.0,200.75,202.55,1009
2026-07-14T09:40:00+05:30,204.05,217.7,203.15,217.7,1236
2026-07-14T09:41:00+05:30,216.1,225.75,214.4,217.8,1659
2026-07-14T09:42:00+05:30,217.05,224.15,215.85,222.7,1345
2026-07-14T09:43:00+05:30,221.6,225.0,214.55,214.55,1269
2026-07-14T09:44:00+05:30,214.15,214.15,200.65,203.9,1429
2026-07-14T09:45:00+05:30,202.95,224.35,202.95,222.65,973
2026-07-14T09:46:00+05:30,222.3,227.2,219.0,223.4,1655
2026-07-14T09:47:00+05:30,223.05,224.2,218.05,223.1,1364
2026-07-14T09:48:00+05:30,224.2,236.55,223.0,230.0,1593
2026-07-14T09:49:00+05:30,230.35,233.55,219.9,220.75,1194
2026-07-14T09:50:00+05:30,222.85,228.7,219.9,220.8,925
2026-07-14T09:51:00+05:30,220.85,232.0,220.85,229.8,929
2026-07-14T09:52:00+05:30,227.6,232.8,222.6,222.95,932
2026-07-14T09:53:00+05:30,222.95,230.35,221.2,228.5,712
2026-07-14T09:54:00+05:30,228.65,232.45,227.1,232.4,668
2026-07-14T09:55:00+05:30,231.4,231.4,219.9,221.6,1141
2026-07-14T09:56:00+05:30,220.7,223.6,216.15,219.3,733
2026-07-14T09:57:00+05:30,219.4,228.3,218.05,224.2,711
2026-07-14T09:58:00+05:30,223.5,223.7,216.0,216.35,703
2026-07-14T09:59:00+05:30,217.25,221.15,207.7,213.25,840
2026-07-14T10:00:00+05:30,213.15,221.2,212.2,215.8,816
2026-07-14T10:01:00+05:30,216.0,216.15,200.05,205.35,1143
2026-07-14T10:02:00+05:30,207.0,215.6,205.0,214.7,1463
2026-07-14T10:03:00+05:30,216.15,216.15,203.8,213.8,405
2026-07-14T10:04:00+05:30,212.2,215.35,197.65,198.4,1540
2026-07-14T10:05:00+05:30,198.4,205.25,196.6,204.5,1020
2026-07-14T10:06:00+05:30,202.9,205.5,194.85,199.9,1094
2026-07-14T10:07:00+05:30,200.2,214.1,199.4,207.8,853
2026-07-14T10:08:00+05:30,208.05,210.15,192.35,194.35,878
2026-07-14T10:09:00+05:30,195.45,203.45,190.8,191.65,894
2026-07-14T10:10:00+05:30,190.25,199.05,189.2,193.95,1308
2026-07-14T10:11:00+05:30,193.8,200.45,190.4,196.6,478
2026-07-14T10:12:00+05:30,195.8,200.95,193.65,195.65,372
2026-07-14T10:13:00+05:30,195.4,203.6,194.0,203.6,390
2026-07-14T10:14:00+05:30,204.15,207.65,201.3,205.7,812
2026-07-14T10:15:00+05:30,205.8,212.7,205.2,206.95,1077
2026-07-14T10:16:00+05:30,207.05,210.25,199.25,205.85,569
2026-07-14T10:17:00+05:30,205.4,219.65,205.4,216.0,1287
2026-07-14T10:18:00+05:30,217.2,233.4,213.8,233.4,2067
2026-07-14T10:19:00+05:30,233.05,250.85,230.45,240.45,2907
2026-07-14T10:20:00+05:30,240.45,240.75,214.05,215.25,2175
2026-07-14T10:21:00+05:30,215.4,218.2,208.0,217.45,1481
2026-07-14T10:22:00+05:30,219.05,227.2,216.0,217.85,1259
2026-07-14T10:23:00+05:30,218.8,224.35,214.6,216.6,782
2026-07-14T10:24:00+05:30,215.65,225.85,215.65,225.85,722
2026-07-14T10:25:00+05:30,224.25,225.95,214.0,216.95,953
2026-07-14T10:26:00+05:30,216.4,223.3,216.4,222.45,838
2026-07-14T10:27:00+05:30,222.4,222.4,215.85,217.65,529
2026-07-14T10:28:00+05:30,218.8,221.0,204.1,204.4,941
2026-07-14T10:29:00+05:30,206.85,210.4,196.55,199.05,1392
2026-07-14T10:30:00+05:30,198.05,205.0,195.35,200.45,863
2026-07-14T10:31:00+05:30,199.25,205.0,192.15,192.15,897
2026-07-14T10:32:00+05:30,190.7,194.2,182.8,185.8,1116
2026-07-14T10:33:00+05:30,184.0,187.1,178.3,178.95,1077
2026-07-14T10:34:00+05:30,180.75,194.15,180.75,190.95,659
2026-07-14T10:35:00+05:30,192.8,196.2,191.2,194.8,523
2026-07-14T10:36:00+05:30,194.7,202.55,194.35,200.55,740
2026-07-14T10:37:00+05:30,200.95,204.3,198.55,204.3,580
2026-07-14T10:38:00+05:30,202.95,203.9,196.35,198.1,851
2026-07-14T10:39:00+05:30,197.2,198.8,190.0,192.8,515
2026-07-14T10:40:00+05:30,191.65,206.95,191.65,203.2,907
2026-07-14T10:41:00+05:30,202.65,204.6,197.9,199.35,1018
2026-07-14T10:42:00+05:30,197.45,199.45,192.8,198.0,610
2026-07-14T10:43:00+05:30,198.6,199.4,192.0,192.2,414
2026-07-14T10:44:00+05:30,193.25,193.25,182.05,185.0,1137
2026-07-14T10:45:00+05:30,185.45,188.3,180.0,182.45,438
2026-07-14T10:46:00+05:30,184.45,191.05,184.45,185.65,416
2026-07-14T10:47:00+05:30,184.9,192.45,184.9,192.45,497
2026-07-14T10:48:00+05:30,192.4,192.4,181.15,183.65,513
2026-07-14T10:49:00+05:30,183.05,184.75,168.0,170.75,1377
2026-07-14T10:50:00+05:30,170.05,179.2,170.05,178.35,751
2026-07-14T10:51:00+05:30,179.9,179.95,166.7,170.2,911
2026-07-14T10:52:00+05:30,170.05,175.7,168.4,174.65,689
2026-07-14T10:53:00+05:30,173.5,178.9,173.15,176.95,433
2026-07-14T10:54:00+05:30,177.35,178.3,174.25,175.15,528
2026-07-14T10:55:00+05:30,176.9,177.55,169.6,169.65,619
2026-07-14T10:56:00+05:30,170.25,170.25,158.35,159.1,939
2026-07-14T10:57:00+05:30,160.2,165.55,157.5,164.45,742
2026-07-14T10:58:00+05:30,164.2,169.2,162.7,167.3,951
2026-07-14T10:59:00+05:30,166.1,166.5,161.3,165.9,606
2026-07-14T11:00:00+05:30,163.3,164.15,158.1,160.75,365
2026-07-14T11:01:00+05:30,160.65,161.15,156.5,160.25,295
2026-07-14T11:02:00+05:30,159.8,163.5,158.2,159.1,405
2026-07-14T11:03:00+05:30,159.5,160.0,156.85,160.0,519
2026-07-14T11:04:00+05:30,159.25,165.0,156.85,164.1,516
2026-07-14T11:05:00+05:30,163.3,164.3,159.35,161.05,187
2026-07-14T11:06:00+05:30,161.0,163.45,157.95,162.05,168
2026-07-14T11:07:00+05:30,162.8,164.3,159.0,159.7,369
2026-07-14T11:08:00+05:30,159.7,164.1,158.05,160.1,190
2026-07-14T11:09:00+05:30,160.3,162.4,154.6,156.65,457
2026-07-14T11:10:00+05:30,156.85,161.7,154.7,159.85,772
2026-07-14T11:11:00+05:30,159.95,160.15,154.2,154.25,646
2026-07-14T11:12:00+05:30,155.4,156.9,150.55,153.5,681
2026-07-14T11:13:00+05:30,153.85,153.85,145.55,146.15,894
2026-07-14T11:14:00+05:30,146.0,151.3,144.35,150.2,524
2026-07-14T11:15:00+05:30,149.85,153.9,148.0,152.3,325
2026-07-14T11:16:00+05:30,152.35,154.2,148.95,154.2,409
2026-07-14T11:17:00+05:30,153.05,155.1,151.75,154.8,216
2026-07-14T11:18:00+05:30,154.9,156.4,151.25,151.55,418
2026-07-14T11:19:00+05:30,151.0,154.35,149.0,152.85,227
2026-07-14T11:20:00+05:30,153.1,159.0,152.85,156.15,528
2026-07-14T11:21:00+05:30,156.2,156.2,149.3,152.65,465
2026-07-14T11:22:00+05:30,151.4,151.55,147.4,150.55,301
2026-07-14T11:23:00+05:30,150.1,150.1,146.65,147.0,338
2026-07-14T11:24:00+05:30,147.1,150.0,144.05,145.7,394
2026-07-14T11:25:00+05:30,146.5,150.75,146.5,148.35,163
2026-07-14T11:26:00+05:30,148.25,148.6,145.15,146.65,147
2026-07-14T11:27:00+05:30,145.9,147.55,145.45,146.5,114
2026-07-14T11:28:00+05:30,146.0,146.25,140.25,144.6,994
2026-07-14T11:29:00+05:30,145.0,145.6,140.0,143.2,451
2026-07-14T11:30:00+05:30,143.2,146.8,143.0,145.75,458
2026-07-14T11:31:00+05:30,145.7,149.45,144.15,148.15,267
2026-07-14T11:32:00+05:30,147.35,151.0,145.8,150.55,716
2026-07-14T11:33:00+05:30,150.6,152.45,147.4,147.7,353
2026-07-14T11:34:00+05:30,147.7,152.95,146.8,151.2,223
2026-07-14T11:35:00+05:30,150.8,152.0,149.6,150.65,263
2026-07-14T11:36:00+05:30,150.9,157.2,148.0,156.0,539
2026-07-14T11:37:00+05:30,155.8,161.1,153.8,160.55,702
2026-07-14T11:38:00+05:30,159.55,162.95,153.45,162.45,1108
2026-07-14T11:39:00+05:30,160.55,162.25,155.0,155.0,818
2026-07-14T11:40:00+05:30,154.4,159.9,154.4,158.55,397
2026-07-14T11:41:00+05:30,158.85,168.0,158.85,166.35,921
2026-07-14T11:42:00+05:30,162.7,171.05,160.95,168.85,629
2026-07-14T11:43:00+05:30,169.2,173.8,163.9,164.7,742
2026-07-14T11:44:00+05:30,164.15,169.5,162.8,167.5,456
2026-07-14T11:45:00+05:30,167.1,169.55,164.6,164.95,463
2026-07-14T11:46:00+05:30,164.0,168.0,162.45,165.25,675
2026-07-14T11:47:00+05:30,164.65,164.9,160.1,161.9,350
2026-07-14T11:48:00+05:30,162.05,164.75,158.25,158.7,325
2026-07-14T11:49:00+05:30,158.0,162.45,158.0,161.55,270
2026-07-14T11:50:00+05:30,160.85,162.0,155.9,158.0,352
2026-07-14T11:51:00+05:30,158.3,158.3,149.35,149.45,847
2026-07-14T11:52:00+05:30,149.5,155.15,147.75,152.9,472
2026-07-14T11:53:00+05:30,152.6,157.9,152.6,157.1,372
2026-07-14T11:54:00+05:30,156.6,164.8,156.6,163.55,521
2026-07-14T11:55:00+05:30,164.8,167.0,163.05,163.9,614
2026-07-14T11:56:00+05:30,164.5,171.3,163.4,170.2,977
2026-07-14T11:57:00+05:30,170.05,170.1,166.15,169.95,741
2026-07-14T11:58:00+05:30,168.95,171.9,166.4,168.7,862
2026-07-14T11:59:00+05:30,168.45,169.5,162.5,167.4,314
2026-07-14T12:00:00+05:30,166.9,167.6,158.45,158.45,460
2026-07-14T12:01:00+05:30,158.6,160.65,155.2,160.4,610
2026-07-14T12:02:00+05:30,159.45,159.95,152.55,154.15,369
2026-07-14T12:03:00+05:30,155.75,162.2,154.65,160.55,200
2026-07-14T12:04:00+05:30,160.6,162.85,158.2,159.65,214
2026-07-14T12:05:00+05:30,160.2,165.0,160.2,162.5,307
2026-07-14T12:06:00+05:30,162.35,169.3,161.95,169.3,323
2026-07-14T12:07:00+05:30,168.5,177.4,165.25,174.3,855
2026-07-14T12:08:00+05:30,174.0,174.95,169.15,172.7,594
2026-07-14T12:09:00+05:30,171.4,171.9,166.0,171.8,494
2026-07-14T12:10:00+05:30,169.5,177.5,169.5,177.5,584
2026-07-14T12:11:00+05:30,178.0,178.0,170.0,171.45,634
2026-07-14T12:12:00+05:30,171.85,173.2,166.85,172.35,420
2026-07-14T12:13:00+05:30,173.9,176.55,172.9,173.65,601
2026-07-14T12:14:00+05:30,173.4,176.0,168.55,176.0,625
2026-07-14T12:15:00+05:30,176.15,191.5,176.15,191.5,1789
2026-07-14T12:16:00+05:30,189.95,189.95,180.1,183.0,976
2026-07-14T12:17:00+05:30,181.6,187.5,181.3,184.7,1043
2026-07-14T12:18:00+05:30,184.95,187.6,183.1,184.25,521
2026-07-14T12:19:00+05:30,184.3,184.3,174.75,177.8,979
2026-07-14T12:20:00+05:30,178.8,188.05,178.5,187.75,850
2026-07-14T12:21:00+05:30,187.05,188.85,180.25,183.15,683
2026-07-14T12:22:00+05:30,182.65,185.75,177.55,185.75,417
2026-07-14T12:23:00+05:30,187.9,189.25,179.7,183.65,436
2026-07-14T12:24:00+05:30,184.35,186.65,182.55,186.4,238
2026-07-14T12:25:00+05:30,186.1,188.2,183.25,185.45,351
2026-07-14T12:26:00+05:30,185.2,192.1,185.2,191.1,340
2026-07-14T12:27:00+05:30,191.05,196.6,187.0,193.65,1102
2026-07-14T12:28:00+05:30,192.4,203.25,192.4,203.25,1037
2026-07-14T12:29:00+05:30,201.7,210.25,199.85,201.15,1881
2026-07-14T12:30:00+05:30,203.15,205.35,194.75,198.6,1545
2026-07-14T12:31:00+05:30,198.0,203.9,195.8,201.7,646
2026-07-14T12:32:00+05:30,200.75,205.7,199.2,204.0,643
2026-07-14T12:33:00+05:30,201.5,203.85,199.05,200.2,386
2026-07-14T12:34:00+05:30,199.4,202.0,192.95,193.5,583
2026-07-14T12:35:00+05:30,193.8,194.75,182.95,189.55,1052
2026-07-14T12:36:00+05:30,189.25,191.25,185.15,190.95,419
2026-07-14T12:37:00+05:30,191.65,199.45,191.65,197.4,611
2026-07-14T12:38:00+05:30,198.05,199.05,193.5,193.5,362
2026-07-14T12:39:00+05:30,191.85,196.95,190.25,192.25,597
2026-07-14T12:40:00+05:30,191.4,197.2,188.75,188.9,747
2026-07-14T12:41:00+05:30,188.45,190.8,184.7,187.55,462
2026-07-14T12:42:00+05:30,187.0,187.25,179.4,186.55,705
2026-07-14T12:43:00+05:30,184.55,189.1,183.5,187.25,868
2026-07-14T12:44:00+05:30,186.9,190.3,181.7,184.55,722
2026-07-14T12:45:00+05:30,183.8,187.95,183.1,186.25,654
2026-07-14T12:46:00+05:30,187.2,187.55,184.15,184.95,482
2026-07-14T12:47:00+05:30,184.2,192.75,184.2,186.45,835
2026-07-14T12:48:00+05:30,186.75,187.8,174.65,181.7,1183
2026-07-14T12:49:00+05:30,181.05,186.1,180.4,181.6,619
2026-07-14T12:50:00+05:30,181.75,185.7,178.1,178.1,500
2026-07-14T12:51:00+05:30,177.85,182.35,173.85,182.35,522
2026-07-14T12:52:00+05:30,183.5,185.35,181.5,183.25,749
2026-07-14T12:53:00+05:30,183.3,183.8,178.7,179.65,468
2026-07-14T12:54:00+05:30,180.1,182.55,177.65,179.75,378
2026-07-14T12:55:00+05:30,179.5,183.15,178.5,179.55,319
2026-07-14T12:56:00+05:30,179.5,180.2,164.95,169.95,1836
2026-07-14T12:57:00+05:30,168.8,178.9,168.8,176.5,1331
2026-07-14T12:58:00+05:30,176.1,180.05,175.3,180.0,671
2026-07-14T12:59:00+05:30,180.0,186.4,177.65,184.6,744
2026-07-14T13:00:00+05:30,184.6,196.1,184.2,193.05,1134
2026-07-14T13:01:00+05:30,193.4,193.65,187.7,190.35,1275
2026-07-14T13:02:00+05:30,189.1,189.8,184.05,186.9,930
2026-07-14T13:03:00+05:30,187.15,193.8,187.15,188.8,370
2026-07-14T13:04:00+05:30,189.4,189.95,174.95,179.05,1050
2026-07-14T13:05:00+05:30,179.3,181.4,176.65,177.15,514
2026-07-14T13:06:00+05:30,177.3,180.7,173.35,177.6,355
2026-07-14T13:07:00+05:30,177.1,182.4,176.25,181.15,317
2026-07-14T13:08:00+05:30,181.25,182.15,178.1,180.95,291
2026-07-14T13:09:00+05:30,180.85,180.95,177.3,180.0,209
2026-07-14T13:10:00+05:30,178.75,185.3,178.75,184.75,384
2026-07-14T13:11:00+05:30,184.6,185.25,178.25,180.2,483
2026-07-14T13:12:00+05:30,180.6,185.95,180.6,182.55,512
2026-07-14T13:13:00+05:30,181.0,183.7,180.15,182.2,424
2026-07-14T13:14:00+05:30,184.55,188.05,182.4,185.25,766
2026-07-14T13:15:00+05:30,185.2,190.2,185.2,188.8,548
2026-07-14T13:16:00+05:30,188.55,189.15,184.55,186.15,708
2026-07-14T13:17:00+05:30,186.5,187.8,178.0,178.0,484
2026-07-14T13:18:00+05:30,177.15,182.7,175.25,179.9,804
2026-07-14T13:19:00+05:30,180.45,182.35,176.85,177.85,228
2026-07-14T13:20:00+05:30,178.35,178.6,167.95,169.95,942
2026-07-14T13:21:00+05:30,170.25,174.45,170.25,171.0,235
2026-07-14T13:22:00+05:30,170.05,175.65,170.05,173.75,482
2026-07-14T13:23:00+05:30,176.25,177.85,174.5,177.85,438
2026-07-14T13:24:00+05:30,177.5,181.2,176.6,179.55,711
2026-07-14T13:25:00+05:30,179.5,185.7,179.5,182.85,940
2026-07-14T13:26:00+05:30,182.25,188.0,182.2,184.6,494
2026-07-14T13:27:00+05:30,186.35,195.05,184.25,188.0,825
2026-07-14T13:28:00+05:30,188.15,188.15,178.0,178.3,763
2026-07-14T13:29:00+05:30,179.45,180.85,173.2,177.8,838
2026-07-14T13:30:00+05:30,177.25,184.6,177.1,180.25,666
2026-07-14T13:31:00+05:30,179.9,181.85,178.65,180.15,490
2026-07-14T13:32:00+05:30,181.0,184.3,177.8,178.8,589
2026-07-14T13:33:00+05:30,179.1,192.0,179.1,189.9,802
2026-07-14T13:34:00+05:30,188.45,189.0,185.0,187.0,499
2026-07-14T13:35:00+05:30,185.95,196.25,185.95,189.45,740
2026-07-14T13:36:00+05:30,189.2,193.4,187.75,192.65,488
2026-07-14T13:37:00+05:30,193.05,204.3,189.9,204.3,976
2026-07-14T13:38:00+05:30,203.65,228.7,199.2,224.25,4576
2026-07-14T13:39:00+05:30,220.7,225.35,209.55,210.6,3010
2026-07-14T13:40:00+05:30,210.25,218.25,203.0,205.35,1768
2026-07-14T13:41:00+05:30,204.95,216.65,200.3,213.1,1037
2026-07-14T13:42:00+05:30,213.65,217.7,212.25,212.9,1205
2026-07-14T13:43:00+05:30,212.8,219.2,211.9,217.45,1020
2026-07-14T13:44:00+05:30,218.1,223.0,208.65,208.65,1754
2026-07-14T13:45:00+05:30,209.25,209.35,192.0,200.6,2455
2026-07-14T13:46:00+05:30,200.25,203.15,189.65,191.75,1421
2026-07-14T13:47:00+05:30,192.7,201.3,192.7,199.7,1694
2026-07-14T13:48:00+05:30,199.45,202.95,197.1,199.4,2841
2026-07-14T13:49:00+05:30,198.7,201.05,196.6,198.3,562
2026-07-14T13:50:00+05:30,201.7,207.0,199.05,199.3,1082
2026-07-14T13:51:00+05:30,200.3,204.35,196.9,202.2,616
2026-07-14T13:52:00+05:30,202.8,203.6,199.65,200.0,514
2026-07-14T13:53:00+05:30,199.0,202.5,197.9,199.45,434
2026-07-14T13:54:00+05:30,200.75,202.95,198.45,199.25,328
2026-07-14T13:55:00+05:30,198.5,198.5,187.9,196.8,1146
2026-07-14T13:56:00+05:30,197.05,197.35,191.7,195.05,746
2026-07-14T13:57:00+05:30,194.65,196.8,186.95,189.2,494
2026-07-14T13:58:00+05:30,189.65,197.1,189.65,197.1,446
2026-07-14T13:59:00+05:30,196.55,200.3,195.75,196.25,794
2026-07-14T14:00:00+05:30,197.8,198.7,190.7,195.1,1061
2026-07-14T14:01:00+05:30,194.35,198.65,192.95,197.8,226
2026-07-14T14:02:00+05:30,197.8,203.5,196.9,203.2,440
2026-07-14T14:03:00+05:30,201.5,202.45,198.95,199.25,260
2026-07-14T14:04:00+05:30,196.65,197.65,189.2,193.25,632
2026-07-14T14:05:00+05:30,193.75,201.05,193.5,198.05,409
2026-07-14T14:06:00+05:30,198.1,198.9,193.95,195.4,327
2026-07-14T14:07:00+05:30,195.7,200.0,195.3,197.2,232
2026-07-14T14:08:00+05:30,197.6,206.65,196.4,204.35,634
2026-07-14T14:09:00+05:30,203.9,212.5,202.45,203.2,1193
2026-07-14T14:10:00+05:30,203.35,205.4,193.1,193.1,613
2026-07-14T14:11:00+05:30,193.3,201.0,188.9,199.25,1181
2026-07-14T14:12:00+05:30,199.65,204.4,192.85,194.75,606
2026-07-14T14:13:00+05:30,194.65,199.2,193.95,197.3,322
2026-07-14T14:14:00+05:30,196.9,200.0,194.65,196.85,199
2026-07-14T14:15:00+05:30,197.35,199.65,193.9,198.3,299
2026-07-14T14:16:00+05:30,197.9,201.6,195.85,199.6,656
2026-07-14T14:17:00+05:30,202.0,203.4,200.1,200.35,396
2026-07-14T14:18:00+05:30,201.05,206.5,197.85,201.9,506
2026-07-14T14:19:00+05:30,202.9,208.05,200.6,204.9,639
2026-07-14T14:20:00+05:30,204.85,209.6,199.05,199.05,849
2026-07-14T14:21:00+05:30,198.9,205.25,198.9,202.0,362
2026-07-14T14:22:00+05:30,202.0,210.0,199.6,210.0,665
2026-07-14T14:23:00+05:30,214.5,214.9,208.65,208.65,1507
2026-07-14T14:24:00+05:30,208.85,208.9,201.5,205.0,959
2026-07-14T14:25:00+05:30,205.35,208.15,202.5,207.1,796
2026-07-14T14:26:00+05:30,206.4,211.35,205.15,205.2,524
2026-07-14T14:27:00+05:30,204.7,215.15,204.15,215.15,866
2026-07-14T14:28:00+05:30,213.35,219.3,206.85,207.5,1005
2026-07-14T14:29:00+05:30,208.3,218.8,208.3,216.45,1058
2026-07-14T14:30:00+05:30,214.45,220.0,211.75,215.15,1103
2026-07-14T14:31:00+05:30,215.0,217.15,213.7,215.85,711
2026-07-14T14:32:00+05:30,214.3,222.35,209.45,219.15,1177
2026-07-14T14:33:00+05:30,218.2,220.3,211.6,217.5,672
2026-07-14T14:34:00+05:30,217.0,217.8,202.55,204.45,1290
2026-07-14T14:35:00+05:30,205.0,205.8,191.2,203.7,1761
2026-07-14T14:36:00+05:30,210.0,218.3,203.8,217.0,880
2026-07-14T14:37:00+05:30,216.6,219.35,212.0,214.65,1145
2026-07-14T14:38:00+05:30,214.9,217.55,210.7,212.75,573
2026-07-14T14:39:00+05:30,212.95,213.9,204.35,209.55,790
2026-07-14T14:40:00+05:30,210.75,213.6,208.55,212.15,260
2026-07-14T14:41:00+05:30,212.65,213.25,206.65,208.0,492
2026-07-14T14:42:00+05:30,209.05,209.05,203.65,206.15,376
2026-07-14T14:43:00+05:30,206.15,212.8,204.8,210.45,628
2026-07-14T14:44:00+05:30,210.0,215.0,209.9,210.4,597
2026-07-14T14:45:00+05:30,211.6,220.0,211.6,214.8,1131
2026-07-14T14:46:00+05:30,216.8,218.1,211.4,218.1,727
2026-07-14T14:47:00+05:30,217.0,232.85,213.7,232.85,1613
2026-07-14T14:48:00+05:30,233.45,237.2,221.45,232.2,2974
2026-07-14T14:49:00+05:30,229.1,236.5,224.4,234.75,1366
2026-07-14T14:50:00+05:30,235.2,236.8,227.1,234.7,1739
2026-07-14T14:51:00+05:30,233.0,237.55,224.75,231.15,1230
2026-07-14T14:52:00+05:30,230.15,238.35,230.15,234.35,1482
2026-07-14T14:53:00+05:30,233.6,236.25,231.5,232.85,894
2026-07-14T14:54:00+05:30,233.05,235.55,226.0,226.0,1413
2026-07-14T14:55:00+05:30,226.95,232.45,220.25,220.25,1701
2026-07-14T14:56:00+05:30,221.95,222.9,207.05,218.35,2242
2026-07-14T14:57:00+05:30,218.15,224.0,214.3,214.3,1117
2026-07-14T14:58:00+05:30,213.55,221.25,213.55,219.25,808
2026-07-14T14:59:00+05:30,215.9,225.8,215.9,225.8,967
2026-07-14T15:00:00+05:30,220.55,220.55,203.55,208.55,3083
2026-07-14T15:01:00+05:30,206.8,222.35,206.75,216.5,1113
2026-07-14T15:02:00+05:30,214.2,217.55,209.75,214.5,1300
2026-07-14T15:03:00+05:30,213.9,219.9,211.3,212.1,616
2026-07-14T15:04:00+05:30,212.95,215.15,211.25,212.5,586
2026-07-14T15:05:00+05:30,212.05,215.0,206.9,206.9,757
2026-07-14T15:06:00+05:30,206.7,211.95,203.15,210.25,921
2026-07-14T15:07:00+05:30,209.6,212.65,205.55,208.2,375
2026-07-14T15:08:00+05:30,208.1,211.65,206.85,209.65,366
2026-07-14T15:09:00+05:30,210.7,210.7,206.4,207.8,543
2026-07-14T15:10:00+05:30,208.9,212.35,206.95,209.85,732
2026-07-14T15:11:00+05:30,210.95,211.45,206.5,210.0,639
2026-07-14T15:12:00+05:30,209.8,215.65,208.9,215.65,582
2026-07-14T15:13:00+05:30,215.45,226.55,215.45,223.35,1955
2026-07-14T15:14:00+05:30,221.25,225.6,220.6,224.05,870
2026-07-14T15:15:00+05:30,225.05,232.9,225.05,232.4,1555
2026-07-14T15:16:00+05:30,232.5,237.0,231.75,233.5,1586
2026-07-14T15:17:00+05:30,232.0,233.8,226.35,232.55,2191
2026-07-14T15:18:00+05:30,233.45,234.55,231.35,232.45,1182
2026-07-14T15:19:00+05:30,233.0,233.0,228.55,231.7,921
2026-07-14T15:20:00+05:30,232.4,233.2,228.85,229.3,990
2026-07-14T15:21:00+05:30,230.2,235.25,229.85,235.0,1408
2026-07-14T15:22:00+05:30,234.45,235.5,231.95,234.6,989
2026-07-14T15:23:00+05:30,234.9,235.15,232.15,234.95,877
2026-07-14T15:24:00+05:30,234.25,236.0,233.0,235.45,1469
2026-07-14T15:25:00+05:30,235.15,239.0,235.15,238.15,1079
2026-07-14T15:26:00+05:30,237.0,237.0,232.55,235.25,1206
2026-07-14T15:27:00+05:30,234.9,235.7,231.45,232.45,1329
2026-07-14T15:28:00+05:30,232.95,233.15,229.2,232.95,1064
2026-07-14T15:29:00+05:30,233.0,235.85,229.4,234.0,2645
2026-07-15T09:15:00+05:30,226.95,226.95,107.25,107.45,9564
2026-07-15T09:16:00+05:30,107.5,114.8,104.25,106.65,13101
2026-07-15T09:17:00+05:30,106.3,106.95,85.55,85.8,8787
2026-07-15T09:18:00+05:30,86.7,87.65,81.15,81.95,7433
2026-07-15T09:19:00+05:30,81.05,83.15,76.05,76.7,5670
2026-07-15T09:20:00+05:30,76.05,76.2,71.45,71.75,8883
2026-07-15T09:21:00+05:30,71.4,71.7,65.0,65.45,6010
2026-07-15T09:22:00+05:30,65.1,66.75,64.65,65.3,5037
2026-07-15T09:23:00+05:30,65.15,65.4,63.5,64.3,5690
2026-07-15T09:24:00+05:30,64.0,64.65,61.75,62.25,3915
2026-07-15T09:25:00+05:30,61.8,62.4,58.45,59.25,7948
2026-07-15T09:26:00+05:30,59.35,59.8,58.0,59.15,6744
2026-07-15T09:27:00+05:30,58.9,59.95,57.85,58.4,3586
2026-07-15T09:28:00+05:30,58.35,59.15,56.85,58.0,4696
2026-07-15T09:29:00+05:30,57.85,59.35,57.45,58.65,4045
2026-07-15T09:30:00+05:30,58.2,58.4,55.0,55.8,5678
2026-07-15T09:31:00+05:30,55.85,56.65,53.3,54.5,6216
2026-07-15T09:32:00+05:30,54.35,56.8,54.35,56.35,2982
2026-07-15T09:33:00+05:30,56.55,56.55,54.2,54.45,1757
2026-07-15T09:34:00+05:30,54.6,57.9,54.15,56.15,2706
2026-07-15T09:35:00+05:30,55.8,57.15,55.7,55.9,2446
2026-07-15T09:36:00+05:30,55.8,56.25,54.8,54.95,2363
2026-07-15T09:37:00+05:30,54.8,55.3,53.9,54.35,1580
2026-07-15T09:38:00+05:30,54.05,55.05,52.45,52.95,2087
2026-07-15T09:39:00+05:30,52.95,55.85,52.1,54.95,3037
2026-07-15T09:40:00+05:30,54.3,55.65,53.2,53.85,2083
2026-07-15T09:41:00+05:30,53.65,54.65,52.4,54.1,5095
2026-07-15T09:42:00+05:30,54.2,55.0,53.55,53.8,1624
2026-07-15T09:43:00+05:30,53.6,54.5,51.25,52.65,2906
2026-07-15T09:44:00+05:30,52.7,53.05,51.6,51.6,1945
2026-07-15T09:45:00+05:30,50.6,50.75,48.35,48.4,6282
2026-07-15T09:46:00+05:30,49.2,50.85,48.5,50.85,2556
2026-07-15T09:47:00+05:30,50.55,50.65,48.65,49.95,1439
2026-07-15T09:48:00+05:30,50.1,50.1,48.3,49.8,1516
2026-07-15T09:49:00+05:30,49.5,51.85,49.5,51.6,1604
2026-07-15T09:50:00+05:30,51.4,51.4,48.75,49.75,1650
2026-07-15T09:51:00+05:30,49.7,49.9,46.0,47.2,2037
2026-07-15T09:52:00+05:30,47.25,49.2,46.7,48.95,2144
2026-07-15T09:53:00+05:30,48.95,49.45,47.35,47.85,1950
2026-07-15T09:54:00+05:30,47.8,48.15,46.4,46.9,1856
2026-07-15T09:55:00+05:30,47.1,47.1,44.1,44.95,2427
2026-07-15T09:56:00+05:30,45.0,48.4,44.9,47.95,2388
2026-07-15T09:57:00+05:30,48.0,49.7,47.9,49.0,2067
2026-07-15T09:58:00+05:30,49.3,49.75,48.4,48.75,1387
2026-07-15T09:59:00+05:30,48.5,51.75,48.3,50.55,3354
2026-07-15T10:00:00+05:30,50.1,51.7,49.95,51.4,3896
2026-07-15T10:01:00+05:30,51.35,52.55,49.9,51.45,4416
2026-07-15T10:02:00+05:30,51.2,52.1,48.9,49.15,3403
2026-07-15T10:03:00+05:30,49.05,49.7,46.4,46.8,5439
2026-07-15T10:04:00+05:30,47.0,48.35,45.7,48.05,3394
2026-07-15T10:05:00+05:30,48.3,48.3,47.05,47.95,1715
2026-07-15T10:06:00+05:30,47.55,47.7,45.5,46.5,2662
2026-07-15T10:07:00+05:30,46.75,47.0,44.45,45.25,4909
2026-07-15T10:08:00+05:30,45.3,45.45,42.25,43.8,4173
2026-07-15T10:09:00+05:30,43.9,45.4,43.5,44.5,2328
2026-07-15T10:10:00+05:30,44.4,45.1,43.5,44.75,1754
2026-07-15T10:11:00+05:30,45.0,46.05,44.4,45.2,2395
2026-07-15T10:12:00+05:30,44.9,45.0,42.8,43.6,1639
2026-07-15T10:13:00+05:30,43.4,44.6,43.4,43.4,1120
2026-07-15T10:14:00+05:30,43.35,43.45,41.65,42.1,2413
2026-07-15T10:15:00+05:30,42.25,42.3,41.0,42.0,2243
2026-07-15T10:16:00+05:30,41.85,42.45,40.15,40.2,2544
2026-07-15T10:17:00+05:30,40.35,40.55,38.55,39.15,3860
2026-07-15T10:18:00+05:30,39.35,39.75,38.7,38.9,2877
2026-07-15T10:19:00+05:30,38.7,39.65,38.05,39.4,2900
2026-07-15T10:20:00+05:30,39.55,40.45,39.35,39.6,2191
2026-07-15T10:21:00+05:30,39.8,41.0,39.8,41.0,2099
2026-07-15T10:22:00+05:30,40.8,41.15,39.0,39.55,2678
2026-07-15T10:23:00+05:30,39.45,40.0,38.95,39.25,1081
2026-07-15T10:24:00+05:30,39.3,40.15,38.65,40.0,1584
2026-07-15T10:25:00+05:30,40.3,40.55,39.55,40.05,1439
2026-07-15T10:26:00+05:30,40.25,40.25,39.3,40.2,1407
2026-07-15T10:27:00+05:30,40.25,40.65,39.9,40.25,1495
2026-07-15T10:28:00+05:30,40.25,41.4,40.05,41.0,2419
2026-07-15T10:29:00+05:30,41.15,41.4,40.1,40.95,1777
2026-07-15T10:30:00+05:30,41.1,41.1,39.65,40.35,2188
2026-07-15T10:31:00+05:30,40.7,42.45,39.9,41.05,3593
2026-07-15T10:32:00+05:30,41.15,42.75,41.0,41.4,4772
2026-07-15T10:33:00+05:30,41.6,42.3,41.25,41.7,2438
2026-07-15T10:34:00+05:30,41.95,42.65,41.1,42.3,2234
2026-07-15T10:35:00+05:30,42.1,42.8,41.55,42.1,1296
2026-07-15T10:36:00+05:30,42.2,44.0,41.75,43.4,2315
2026-07-15T10:37:00+05:30,43.55,44.6,43.0,43.7,4529
2026-07-15T10:38:00+05:30,43.5,44.2,43.0,43.2,2983
2026-07-15T10:39:00+05:30,43.0,43.3,42.15,42.45,1242
2026-07-15T10:40:00+05:30,42.35,42.65,41.55,41.65,2282
2026-07-15T10:41:00+05:30,41.7,41.95,40.1,40.5,1770
2026-07-15T10:42:00+05:30,40.7,40.7,38.15,38.75,2890
2026-07-15T10:43:00+05:30,38.55,39.65,37.5,39.5,3077
2026-07-15T10:44:00+05:30,39.7,39.7,38.6,38.9,1448
2026-07-15T10:45:00+05:30,39.05,39.05,38.05,38.15,1912
2026-07-15T10:46:00+05:30,38.15,39.75,37.9,39.1,1637
2026-07-15T10:47:00+05:30,39.25,40.0,39.0,39.45,1400
2026-07-15T10:48:00+05:30,39.35,40.95,39.25,40.35,1316
2026-07-15T10:49:00+05:30,40.2,40.25,39.1,39.4,1324
2026-07-15T10:50:00+05:30,39.35,41.0,39.3,40.5,782
2026-07-15T10:51:00+05:30,40.5,42.1,40.15,41.45,2389
2026-07-15T10:52:00+05:30,41.3,42.85,40.15,40.15,2242
2026-07-15T10:53:00+05:30,40.2,40.25,38.85,39.1,1852
2026-07-15T10:54:00+05:30,39.35,39.95,39.35,39.35,956
2026-07-15T10:55:00+05:30,39.4,41.2,39.4,40.5,2026
2026-07-15T10:56:00+05:30,40.5,41.75,39.65,40.25,2019
2026-07-15T10:57:00+05:30,40.1,41.4,39.75,41.1,2818
2026-07-15T10:58:00+05:30,40.95,41.7,40.35,41.4,2208
2026-07-15T10:59:00+05:30,41.6,42.6,41.0,42.3,2155
2026-07-15T11:00:00+05:30,42.4,42.65,41.0,41.4,3186
2026-07-15T11:01:00+05:30,41.1,41.25,39.15,39.5,2011
2026-07-15T11:02:00+05:30,39.75,40.2,39.4,39.6,1710
2026-07-15T11:03:00+05:30,39.75,42.35,39.75,41.55,1786
2026-07-15T11:04:00+05:30,41.5,41.55,39.3,39.8,1847
2026-07-15T11:05:00+05:30,39.6,40.3,39.25,39.7,764
2026-07-15T11:06:00+05:30,39.75,40.25,39.35,39.8,1031
2026-07-15T11:07:00+05:30,39.9,39.9,38.05,38.5,1871
2026-07-15T11:08:00+05:30,38.4,38.85,38.05,38.2,891
2026-07-15T11:09:00+05:30,38.25,38.35,37.1,37.45,2635
2026-07-15T11:10:00+05:30,37.5,37.95,36.85,37.95,2181
2026-07-15T11:11:00+05:30,37.65,39.85,37.65,39.2,1452
2026-07-15T11:12:00+05:30,39.2,41.65,39.2,41.65,3051
2026-07-15T11:13:00+05:30,41.3,42.65,41.0,41.9,2826
2026-07-15T11:14:00+05:30,41.9,44.6,41.85,42.4,7909
2026-07-15T11:15:00+05:30,43.05,43.95,42.1,42.6,2626
2026-07-15T11:16:00+05:30,42.5,44.7,41.95,42.0,2674
2026-07-15T11:17:00+05:30,42.0,42.0,40.1,40.85,2873
2026-07-15T11:18:00+05:30,40.6,41.4,38.6,38.6,3236
2026-07-15T11:19:00+05:30,38.7,39.85,37.9,39.35,3937
2026-07-15T11:20:00+05:30,39.4,40.7,39.25,40.7,2094
2026-07-15T11:21:00+05:30,41.3,41.8,39.55,40.05,2223
2026-07-15T11:22:00+05:30,40.0,43.45,39.85,40.8,3068
2026-07-15T11:23:00+05:30,41.05,42.0,40.9,41.55,1678
2026-07-15T11:24:00+05:30,41.15,41.4,39.7,40.0,1647
2026-07-15T11:25:00+05:30,39.8,39.8,38.05,38.55,2933
2026-07-15T11:26:00+05:30,38.45,38.7,37.6,38.35,2368
2026-07-15T11:27:00+05:30,38.3,39.7,37.9,39.5,1607
2026-07-15T11:28:00+05:30,39.35,39.4,36.5,36.95,3944
2026-07-15T11:29:00+05:30,37.1,37.25,36.4,36.75,3116
2026-07-15T11:30:00+05:30,36.55,37.7,36.55,37.35,2401
2026-07-15T11:31:00+05:30,37.25,38.0,37.0,37.95,1618
2026-07-15T11:32:00+05:30,37.95,38.0,36.65,36.9,2343
2026-07-15T11:33:00+05:30,36.8,36.8,35.25,35.9,4361
2026-07-15T11:34:00+05:30,35.85,36.0,35.15,35.4,1837
2026-07-15T11:35:00+05:30,35.4,36.1,35.4,36.05,1032
2026-07-15T11:36:00+05:30,36.05,37.15,35.85,37.0,1880
2026-07-15T11:37:00+05:30,36.8,37.35,36.5,37.0,1565
2026-07-15T11:38:00+05:30,37.15,37.85,36.9,37.6,1542
2026-07-15T11:39:00+05:30,37.5,38.5,37.1,38.25,2311
2026-07-15T11:40:00+05:30,38.2,40.35,37.85,40.0,5608
2026-07-15T11:41:00+05:30,39.35,39.35,38.05,39.0,1614
2026-07-15T11:42:00+05:30,39.05,40.5,38.7,39.95,1734
2026-07-15T11:43:00+05:30,39.6,42.35,39.6,41.55,3523
2026-07-15T11:44:00+05:30,41.65,44.7,41.5,44.7,3482
2026-07-15T11:45:00+05:30,44.5,45.0,41.5,41.5,5371
2026-07-15T11:46:00+05:30,41.6,43.0,40.8,41.85,3075
2026-07-15T11:47:00+05:30,41.95,43.45,41.25,43.35,2679
2026-07-15T11:48:00+05:30,43.3,43.7,42.1,43.05,1854
2026-07-15T11:49:00+05:30,43.0,44.0,42.75,42.75,2333
2026-07-15T11:50:00+05:30,43.0,44.65,41.4,42.2,2184
2026-07-15T11:51:00+05:30,42.35,46.05,42.1,45.45,5188
2026-07-15T11:52:00+05:30,45.4,46.2,42.0,42.25,4864
2026-07-15T11:53:00+05:30,42.35,42.8,40.7,40.7,4260
2026-07-15T11:54:00+05:30,40.7,42.0,39.55,40.25,2568
2026-07-15T11:55:00+05:30,40.45,40.45,38.15,39.25,4593
2026-07-15T11:56:00+05:30,39.45,39.85,38.4,39.3,2554
2026-07-15T11:57:00+05:30,39.65,41.2,39.05,40.35,2796
2026-07-15T11:58:00+05:30,40.65,41.55,40.2,40.45,1533
2026-07-15T11:59:00+05:30,40.3,40.75,39.1,40.0,1961
2026-07-15T12:00:00+05:30,39.95,40.25,38.8,40.15,1731
2026-07-15T12:01:00+05:30,39.95,40.1,39.0,39.5,1042
2026-07-15T12:02:00+05:30,39.8,41.0,39.0,40.75,1193
2026-07-15T12:03:00+05:30,40.3,42.15,40.05,41.75,2158
2026-07-15T12:04:00+05:30,41.75,41.95,38.7,39.1,2254
2026-07-15T12:05:00+05:30,39.3,39.6,38.5,38.75,1896
2026-07-15T12:06:00+05:30,38.65,40.35,38.5,39.0,1470
2026-07-15T12:07:00+05:30,38.6,39.0,37.9,38.75,1721
2026-07-15T12:08:00+05:30,38.95,39.25,38.05,38.15,1098
2026-07-15T12:09:00+05:30,38.0,39.2,37.85,38.9,1345
2026-07-15T12:10:00+05:30,39.05,41.5,39.05,40.85,2533
2026-07-15T12:11:00+05:30,40.4,41.35,39.5,39.9,1330
2026-07-15T12:12:00+05:30,39.65,40.75,39.35,40.25,1005
2026-07-15T12:13:00+05:30,40.0,40.05,37.45,37.9,1835
2026-07-15T12:14:00+05:30,37.7,38.05,36.55,36.8,2402
2026-07-15T12:15:00+05:30,36.75,37.7,36.55,37.15,2016
2026-07-15T12:16:00+05:30,37.5,38.25,37.1,38.0,2115
2026-07-15T12:17:00+05:30,38.05,38.1,37.05,37.7,899
2026-07-15T12:18:00+05:30,37.7,37.95,37.25,37.85,633
2026-07-15T12:19:00+05:30,37.7,37.7,36.9,37.15,968
2026-07-15T12:20:00+05:30,36.95,37.35,36.6,36.9,2217
2026-07-15T12:21:00+05:30,37.0,38.5,36.9,37.95,1368
2026-07-15T12:22:00+05:30,37.75,38.8,36.65,38.45,874
2026-07-15T12:23:00+05:30,38.4,39.5,38.2,39.1,1679
2026-07-15T12:24:00+05:30,39.05,39.45,37.9,37.9,2058
2026-07-15T12:25:00+05:30,37.9,38.5,36.85,37.5,1985
2026-07-15T12:26:00+05:30,37.75,39.1,37.0,39.1,1025
2026-07-15T12:27:00+05:30,39.05,40.85,38.75,40.15,1479
2026-07-15T12:28:00+05:30,40.3,41.35,39.9,41.15,2844
2026-07-15T12:29:00+05:30,41.35,42.4,40.75,42.4,2618
2026-07-15T12:30:00+05:30,42.5,43.7,41.25,41.6,4818
2026-07-15T12:31:00+05:30,41.45,42.0,40.4,41.1,1797
2026-07-15T12:32:00+05:30,40.9,42.2,40.65,41.85,1618
2026-07-15T12:33:00+05:30,41.5,44.9,41.3,43.6,3062
2026-07-15T12:34:00+05:30,44.05,44.05,42.45,43.5,2316
2026-07-15T12:35:00+05:30,43.5,44.25,42.95,42.95,2426
2026-07-15T12:36:00+05:30,42.7,45.5,42.5,44.95,3626
2026-07-15T12:37:00+05:30,45.0,45.0,42.4,42.6,3691
2026-07-15T12:38:00+05:30,42.6,50.25,42.2,48.25,6736
2026-07-15T12:39:00+05:30,49.1,52.55,46.4,49.9,10164
2026-07-15T12:40:00+05:30,49.85,51.75,48.8,51.05,6010
2026-07-15T12:41:00+05:30,51.1,51.55,47.3,47.65,5330
2026-07-15T12:42:00+05:30,47.7,49.8,45.3,46.55,4917
2026-07-15T12:43:00+05:30,46.2,46.35,43.45,43.65,4260
2026-07-15T12:44:00+05:30,43.45,44.35,42.35,43.2,4251
2026-07-15T12:45:00+05:30,43.55,44.65,42.4,44.2,2520
2026-07-15T12:46:00+05:30,44.15,45.2,43.5,44.45,2707
2026-07-15T12:47:00+05:30,44.35,47.55,44.2,46.45,3048
2026-07-15T12:48:00+05:30,46.25,49.4,46.25,47.65,4600
2026-07-15T12:49:00+05:30,47.75,49.7,47.0,49.65,3590
2026-07-15T12:50:00+05:30,50.8,52.35,48.0,48.3,7818
2026-07-15T12:51:00+05:30,48.7,49.45,46.55,49.15,5023
2026-07-15T12:52:00+05:30,48.75,51.3,48.05,50.75,3504
2026-07-15T12:53:00+05:30,50.7,57.25,49.6,55.55,8521
2026-07-15T12:54:00+05:30,56.7,66.1,56.5,62.0,18768
2026-07-15T12:55:00+05:30,61.2,92.4,61.2,92.4,22731
2026-07-15T12:56:00+05:30,94.05,185.0,94.05,180.4,54621
2026-07-15T12:57:00+05:30,187.7,208.6,152.95,196.05,48333
2026-07-15T12:58:00+05:30,203.4,219.75,135.4,135.4,44154
2026-07-15T12:59:00+05:30,131.35,158.85,127.35,149.4,23829
2026-07-15T13:00:00+05:30,156.55,169.75,129.75,130.05,22242
2026-07-15T13:01:00+05:30,128.3,157.75,124.8,142.05,20923
2026-07-15T13:02:00+05:30,140.6,140.6,125.3,130.9,16983
2026-07-15T13:03:00+05:30,131.2,132.45,121.8,124.7,10319
2026-07-15T13:04:00+05:30,124.75,128.9,123.4,127.5,6395
2026-07-15T13:05:00+05:30,127.0,127.75,118.45,122.2,9606
2026-07-15T13:06:00+05:30,124.05,136.0,124.05,135.75,7457
2026-07-15T13:07:00+05:30,135.3,144.4,131.15,142.9,9563
2026-07-15T13:08:00+05:30,144.45,147.15,135.5,138.45,11894
2026-07-15T13:09:00+05:30,139.9,148.1,133.5,148.1,9070
2026-07-15T13:10:00+05:30,147.65,149.0,140.3,144.0,8025
2026-07-15T13:11:00+05:30,144.15,149.7,140.15,143.05,7493
2026-07-15T13:12:00+05:30,142.6,147.05,132.9,147.05,11408
2026-07-15T13:13:00+05:30,144.8,148.55,139.55,145.9,5517
2026-07-15T13:14:00+05:30,145.35,146.7,136.0,136.55,5078
2026-07-15T13:15:00+05:30,138.85,142.45,121.95,124.75,10249
2026-07-15T13:16:00+05:30,125.5,132.2,115.2,122.75,12517
2026-07-15T13:17:00+05:30,123.05,125.15,114.95,120.0,10742
2026-07-15T13:18:00+05:30,119.85,121.1,103.75,104.05,9045
2026-07-15T13:19:00+05:30,103.4,103.4,93.7,100.85,15821
2026-07-15T13:20:00+05:30,101.95,105.7,96.15,98.2,7876
2026-07-15T13:21:00+05:30,99.6,109.75,95.2,106.1,9547
2026-07-15T13:22:00+05:30,105.4,109.8,105.35,109.6,6114
2026-07-15T13:23:00+05:30,110.85,116.4,103.1,111.95,6945
2026-07-15T13:24:00+05:30,112.0,117.0,110.25,112.95,4824
2026-07-15T13:25:00+05:30,112.65,117.7,108.9,112.8,6050
2026-07-15T13:26:00+05:30,112.2,118.15,108.6,116.15,3927
2026-07-15T13:27:00+05:30,115.2,119.95,114.25,119.6,4951
2026-07-15T13:28:00+05:30,122.35,122.35,110.35,113.65,6981
2026-07-15T13:29:00+05:30,113.8,114.75,106.2,110.25,5748
2026-07-15T13:30:00+05:30,110.35,117.45,107.65,113.55,4634
2026-07-15T13:31:00+05:30,113.6,115.85,109.75,110.45,5162
2026-07-15T13:32:00+05:30,110.55,117.35,109.4,114.1,4138
2026-07-15T13:33:00+05:30,113.95,115.8,110.7,112.0,3595
2026-07-15T13:34:00+05:30,112.7,123.95,112.7,119.0,7369
2026-07-15T13:35:00+05:30,117.0,118.65,111.2,111.2,5312
2026-07-15T13:36:00+05:30,111.05,115.05,108.6,113.3,5397
2026-07-15T13:37:00+05:30,112.95,122.75,112.8,116.4,5857
2026-07-15T13:38:00+05:30,116.95,129.15,115.0,123.4,6915
2026-07-15T13:39:00+05:30,123.1,123.85,117.1,119.15,4637
2026-07-15T13:40:00+05:30,118.6,128.65,118.15,124.65,6966
2026-07-15T13:41:00+05:30,125.1,136.8,120.6,132.55,7027
2026-07-15T13:42:00+05:30,133.15,133.3,125.1,127.1,8873
2026-07-15T13:43:00+05:30,126.25,140.5,125.55,133.75,7884
2026-07-15T13:44:00+05:30,134.0,134.0,125.85,126.75,6096
2026-07-15T13:45:00+05:30,125.45,133.3,121.2,121.55,8243
2026-07-15T13:46:00+05:30,122.1,122.1,116.55,119.45,6254
2026-07-15T13:47:00+05:30,119.5,123.55,117.0,119.9,4848
2026-07-15T13:48:00+05:30,120.65,121.0,113.2,115.05,5249
2026-07-15T13:49:00+05:30,115.3,116.9,110.95,112.55,7368
2026-07-15T13:50:00+05:30,112.0,118.0,109.15,117.6,4934
2026-07-15T13:51:00+05:30,119.55,131.2,118.2,129.1,6555
2026-07-15T13:52:00+05:30,130.0,130.0,124.0,129.3,7421
2026-07-15T13:53:00+05:30,130.25,138.75,127.7,131.5,11379
2026-07-15T13:54:00+05:30,131.3,132.05,123.65,126.6,6354
2026-07-15T13:55:00+05:30,128.1,131.0,124.0,126.15,4673
2026-07-15T13:56:00+05:30,126.3,127.25,118.05,118.45,5675
2026-07-15T13:57:00+05:30,117.8,122.65,111.35,111.35,5874
2026-07-15T13:58:00+05:30,111.5,113.05,109.25,109.6,7960
2026-07-15T13:59:00+05:30,108.4,108.4,98.9,99.5,13752
2026-07-15T14:00:00+05:30,100.3,100.3,93.25,96.7,14986
2026-07-15T14:01:00+05:30,96.3,100.05,94.8,98.75,5373
2026-07-15T14:02:00+05:30,99.2,102.8,97.8,100.4,6358
2026-07-15T14:03:00+05:30,100.65,105.85,100.4,103.0,6564
2026-07-15T14:04:00+05:30,102.7,103.8,98.3,99.2,5072
2026-07-15T14:05:00+05:30,100.0,104.5,99.45,102.05,5364
2026-07-15T14:06:00+05:30,101.55,110.0,98.55,99.6,10421
2026-07-15T14:07:00+05:30,100.0,101.4,90.9,92.7,9226
2026-07-15T14:08:00+05:30,93.25,93.75,80.6,82.65,14865
2026-07-15T14:09:00+05:30,84.15,89.85,82.5,89.6,10106
2026-07-15T14:10:00+05:30,91.7,95.85,87.35,95.85,6882
2026-07-15T14:11:00+05:30,95.75,95.85,88.6,89.75,4095
2026-07-15T14:12:00+05:30,90.2,97.0,87.75,95.8,5276
2026-07-15T14:13:00+05:30,96.1,96.1,84.9,88.3,6539
2026-07-15T14:14:00+05:30,88.5,89.3,86.05,87.3,3544
2026-07-15T14:15:00+05:30,87.95,87.95,81.85,82.45,5280
2026-07-15T14:16:00+05:30,83.3,86.45,78.35,83.85,11524
2026-07-15T14:17:00+05:30,84.15,93.3,84.1,92.9,9247
2026-07-15T14:18:00+05:30,93.5,99.05,88.7,89.2,14701
2026-07-15T14:19:00+05:30,88.35,98.35,87.8,93.3,8972
2026-07-15T14:20:00+05:30,93.85,95.45,88.4,93.0,8114
2026-07-15T14:21:00+05:30,93.95,94.7,87.4,90.0,7200
2026-07-15T14:22:00+05:30,90.65,91.1,85.6,90.65,6482
2026-07-15T14:23:00+05:30,90.35,93.45,89.45,93.25,10831
2026-07-15T14:24:00+05:30,92.95,100.35,92.45,99.7,11030
2026-07-15T14:25:00+05:30,99.95,102.2,97.55,99.4,8660
2026-07-15T14:26:00+05:30,99.85,102.85,96.8,101.15,6338
2026-07-15T14:27:00+05:30,99.7,99.95,90.25,94.0,9634
2026-07-15T14:28:00+05:30,94.5,96.15,90.95,92.0,4383
2026-07-15T14:29:00+05:30,92.25,95.65,86.5,89.3,7519
2026-07-15T14:30:00+05:30,88.25,94.35,85.55,94.35,8004
2026-07-15T14:31:00+05:30,93.15,95.75,90.95,95.35,8875
2026-07-15T14:32:00+05:30,94.75,94.75,88.6,88.75,5207
2026-07-15T14:33:00+05:30,89.15,89.8,85.55,87.4,6193
2026-07-15T14:34:00+05:30,88.0,89.05,82.0,89.05,8637
2026-07-15T14:35:00+05:30,89.7,90.1,83.0,86.95,7528
2026-07-15T14:36:00+05:30,87.2,91.4,81.1,90.3,8140
2026-07-15T14:37:00+05:30,90.5,90.9,81.7,88.15,7803
2026-07-15T14:38:00+05:30,86.85,86.85,72.65,75.45,15669
2026-07-15T14:39:00+05:30,74.45,74.45,66.6,68.55,22947
2026-07-15T14:40:00+05:30,68.9,74.65,68.9,72.05,11736
2026-07-15T14:41:00+05:30,71.45,76.35,71.2,73.8,8818
2026-07-15T14:42:00+05:30,75.2,75.2,69.4,72.55,5808
2026-07-15T14:43:00+05:30,72.45,75.5,72.25,74.35,4060
2026-07-15T14:44:00+05:30,74.55,75.7,68.95,70.65,5185
2026-07-15T14:45:00+05:30,71.15,76.85,68.8,76.85,5930
2026-07-15T14:46:00+05:30,75.75,76.05,71.8,73.1,4289
2026-07-15T14:47:00+05:30,73.85,82.4,73.4,81.45,8895
2026-07-15T14:48:00+05:30,81.15,86.4,79.65,82.6,12146
2026-07-15T14:49:00+05:30,82.8,88.85,82.8,88.0,9234
2026-07-15T14:50:00+05:30,88.3,91.05,80.45,83.8,12901
2026-07-15T14:51:00+05:30,83.3,92.3,83.3,91.5,13243
2026-07-15T14:52:00+05:30,89.45,93.55,86.3,89.9,9314
2026-07-15T14:53:00+05:30,88.9,91.05,86.2,89.5,5673
2026-07-15T14:54:00+05:30,89.6,89.95,83.15,85.15,10479
2026-07-15T14:55:00+05:30,85.05,90.7,85.0,85.6,6121
2026-07-15T14:56:00+05:30,85.85,90.0,84.7,89.0,4892
2026-07-15T14:57:00+05:30,89.25,92.4,87.0,90.0,8645
2026-07-15T14:58:00+05:30,90.1,90.75,84.35,87.75,9707
2026-07-15T14:59:00+05:30,87.45,95.3,84.6,91.7,15918
2026-07-15T15:00:00+05:30,90.65,99.15,69.25,89.15,47218
2026-07-15T15:01:00+05:30,90.35,90.95,81.65,89.45,18893
2026-07-15T15:02:00+05:30,90.0,99.0,88.6,91.3,18402
2026-07-15T15:03:00+05:30,88.75,89.7,84.25,88.2,8417
2026-07-15T15:04:00+05:30,88.6,88.6,78.85,82.05,14345
2026-07-15T15:05:00+05:30,81.75,81.75,76.6,80.2,12615
2026-07-15T15:06:00+05:30,81.05,81.1,70.15,74.15,21470
2026-07-15T15:07:00+05:30,73.25,73.25,66.55,70.3,12612
2026-07-15T15:08:00+05:30,70.25,73.5,68.95,73.5,7232
2026-07-15T15:09:00+05:30,73.95,76.65,72.2,76.35,6561
2026-07-15T15:10:00+05:30,76.1,78.8,73.65,75.5,6909
2026-07-15T15:11:00+05:30,74.8,77.4,74.15,76.2,5140
2026-07-15T15:12:00+05:30,76.05,77.4,74.8,77.0,5454
2026-07-15T15:13:00+05:30,76.55,76.55,72.2,75.25,6204
2026-07-15T15:14:00+05:30,74.95,74.95,71.25,72.55,4210
2026-07-15T15:15:00+05:30,73.6,78.15,73.6,75.55,8420
2026-07-15T15:16:00+05:30,75.9,77.75,75.35,76.05,5845
2026-07-15T15:17:00+05:30,75.7,76.2,73.85,74.85,3537
2026-07-15T15:18:00+05:30,74.85,75.2,72.2,72.55,4618
2026-07-15T15:19:00+05:30,72.5,73.0,69.8,70.85,7146
2026-07-15T15:20:00+05:30,70.65,72.2,69.8,70.7,7068
2026-07-15T15:21:00+05:30,70.35,71.3,68.5,70.8,6694
2026-07-15T15:22:00+05:30,71.35,74.5,71.1,72.8,6961
2026-07-15T15:23:00+05:30,73.0,76.4,72.8,75.3,4434
2026-07-15T15:24:00+05:30,74.6,75.15,72.25,73.25,3493
2026-07-15T15:25:00+05:30,73.65,75.6,72.75,74.25,5786
2026-07-15T15:26:00+05:30,73.3,75.4,72.0,74.95,4319
2026-07-15T15:27:00+05:30,74.45,74.45,71.2,73.7,3756
2026-07-15T15:28:00+05:30,73.15,74.15,72.6,74.15,6284
2026-07-15T15:29:00+05:30,75.0,79.85,73.05,73.85,9078
