timestamp,open,high,low,close,volume
2026-09-21T09:15:00+05:30,328.95,328.95,267.35,309.85,683
2026-09-21T09:16:00+05:30,311.9,336.2,294.95,294.95,655
2026-09-21T09:17:00+05:30,294.0,295.6,273.1,278.5,482
2026-09-21T09:18:00+05:30,279.3,291.5,271.0,284.0,505
2026-09-21T09:19:00+05:30,283.85,301.55,281.7,297.8,513
2026-09-21T09:20:00+05:30,297.55,302.2,285.2,296.55,226
2026-09-21T09:21:00+05:30,296.85,303.25,292.85,303.0,324
2026-09-21T09:22:00+05:30,302.5,305.0,284.15,286.75,313
2026-09-21T09:23:00+05:30,286.0,286.2,272.0,274.6,273
2026-09-21T09:24:00+05:30,274.05,282.4,272.7,278.5,301
2026-09-21T09:25:00+05:30,278.15,283.25,273.55,276.5,191
2026-09-21T09:26:00+05:30,276.9,280.5,271.8,273.1,150
2026-09-21T09:27:00+05:30,273.25,282.0,272.15,280.8,242
2026-09-21T09:28:00+05:30,281.4,283.1,274.85,276.35,271
2026-09-21T09:29:00+05:30,276.75,278.0,267.35,270.75,176
2026-09-21T09:30:00+05:30,270.75,272.25,264.75,270.8,193
2026-09-21T09:31:00+05:30,270.0,272.55,265.65,271.15,96
2026-09-21T09:32:00+05:30,270.45,270.75,266.25,269.45,95
2026-09-21T09:33:00+05:30,268.0,270.75,265.3,270.05,135
2026-09-21T09:34:00+05:30,268.4,275.0,268.4,271.1,85
2026-09-21T09:35:00+05:30,270.05,270.4,259.6,263.5,156
2026-09-21T09:36:00+05:30,262.6,276.45,260.15,276.45,142
2026-09-21T09:37:00+05:30,274.15,284.05,272.0,282.6,156
2026-09-21T09:38:00+05:30,283.75,289.5,280.25,286.8,156
2026-09-21T09:39:00+05:30,287.2,288.1,276.3,285.75,90
2026-09-21T09:40:00+05:30,285.0,287.5,282.8,284.2,131
2026-09-21T09:41:00+05:30,284.95,285.45,277.2,279.5,136
2026-09-21T09:42:00+05:30,279.3,279.85,273.05,279.05,113
2026-09-21T09:43:00+05:30,277.0,277.0,271.35,276.4,89
2026-09-21T09:44:00+05:30,274.0,274.0,268.1,272.75,132
2026-09-21T09:45:00+05:30,272.0,272.0,269.0,271.2,56
2026-09-21T09:46:00+05:30,269.65,272.4,269.1,269.1,37
2026-09-21T09:47:00+05:30,270.85,279.95,269.1,278.2,39
2026-09-21T09:48:00+05:30,279.0,280.8,273.8,276.7,113
2026-09-21T09:49:00+05:30,275.75,276.25,270.9,275.55,36
2026-09-21T09:50:00+05:30,273.6,274.95,272.5,273.85,26
2026-09-21T09:51:00+05:30,274.15,274.15,270.45,272.75,24
2026-09-21T09:52:00+05:30,274.55,279.0,274.55,278.8,19
2026-09-21T09:53:00+05:30,277.7,287.7,277.05,286.0,120
2026-09-21T09:54:00+05:30,285.05,288.0,283.7,287.35,77
2026-09-21T09:55:00+05:30,287.9,291.5,287.85,290.7,99
2026-09-21T09:56:00+05:30,291.25,291.6,286.0,287.6,106
2026-09-21T09:57:00+05:30,286.25,286.35,279.1,283.4,89
2026-09-21T09:58:00+05:30,282.5,289.0,282.5,288.3,53
2026-09-21T09:59:00+05:30,287.95,291.8,287.0,287.0,108
2026-09-21T10:00:00+05:30,285.85,293.6,285.6,293.2,95
2026-09-21T10:01:00+05:30,293.3,299.15,291.75,299.1,136
2026-09-21T10:02:00+05:30,299.1,302.2,294.4,301.55,135
2026-09-21T10:03:00+05:30,301.15,303.0,299.0,301.5,102
2026-09-21T10:04:00+05:30,301.55,304.9,301.0,303.7,143
2026-09-21T10:05:00+05:30,301.8,306.0,298.0,304.9,97
2026-09-21T10:06:00+05:30,305.75,314.3,305.25,309.6,256
2026-09-21T10:07:00+05:30,309.5,310.4,303.15,307.65,147
2026-09-21T10:08:00+05:30,307.0,308.0,303.6,303.6,71
2026-09-21T10:09:00+05:30,302.0,302.0,298.05,298.7,119
2026-09-21T10:10:00+05:30,298.8,300.25,291.5,292.1,101
2026-09-21T10:11:00+05:30,292.7,297.95,292.6,297.15,105
2026-09-21T10:12:00+05:30,297.55,301.6,295.1,300.0,128
2026-09-21T10:13:00+05:30,300.55,309.4,299.75,306.7,171
2026-09-21T10:14:00+05:30,308.35,316.0,306.7,313.1,175
2026-09-21T10:15:00+05:30,314.7,317.1,308.55,309.85,212
2026-09-21T10:16:00+05:30,309.35,310.85,297.85,298.5,184
2026-09-21T10:17:00+05:30,296.5,309.5,296.5,307.45,68
2026-09-21T10:18:00+05:30,306.4,306.9,298.7,302.0,78
2026-09-21T10:19:00+05:30,303.9,309.45,303.35,305.75,62
2026-09-21T10:20:00+05:30,306.15,307.25,299.9,307.05,52
2026-09-21T10:21:00+05:30,306.05,309.9,293.85,295.55,235
2026-09-21T10:22:00+05:30,297.1,303.55,296.65,296.8,50
2026-09-21T10:23:00+05:30,297.75,299.55,293.65,294.3,85
2026-09-21T10:24:00+05:30,294.5,301.05,292.7,301.05,49
2026-09-21T10:25:00+05:30,301.0,303.0,300.0,301.35,94
2026-09-21T10:26:00+05:30,299.65,302.1,296.45,300.7,70
2026-09-21T10:27:00+05:30,302.0,308.75,302.0,305.7,79
2026-09-21T10:28:00+05:30,305.0,305.0,301.05,304.35,80
2026-09-21T10:29:00+05:30,304.2,304.7,298.4,300.1,66
2026-09-21T10:30:00+05:30,299.8,302.55,299.35,300.95,54
2026-09-21T10:31:00+05:30,300.0,302.75,298.75,298.75,58
2026-09-21T10:32:00+05:30,300.0,305.9,300.0,301.85,69
2026-09-21T10:33:00+05:30,301.4,304.55,300.75,304.1,31
2026-09-21T10:34:00+05:30,305.45,307.95,305.05,307.9,41
2026-09-21T10:35:00+05:30,307.95,308.0,301.85,303.45,50
2026-09-21T10:36:00+05:30,303.0,304.85,301.1,302.4,61
2026-09-21T10:37:00+05:30,303.55,306.6,302.3,304.85,32
2026-09-21T10:38:00+05:30,307.1,307.2,302.75,305.0,26
2026-09-21T10:39:00+05:30,304.7,309.0,304.5,309.0,49
2026-09-21T10:40:00+05:30,308.45,308.65,305.0,307.4,30
2026-09-21T10:41:00+05:30,306.0,307.05,300.0,302.55,78
2026-09-21T10:42:00+05:30,301.35,303.0,297.7,302.85,60
2026-09-21T10:43:00+05:30,302.65,302.65,297.0,297.0,57
2026-09-21T10:44:00+05:30,297.7,298.65,294.3,296.55,38
2026-09-21T10:45:00+05:30,295.65,295.65,288.65,289.85,158
2026-09-21T10:46:00+05:30,288.0,290.85,281.9,286.5,165
2026-09-21T10:47:00+05:30,286.15,290.05,278.85,290.0,135
2026-09-21T10:48:00+05:30,287.95,290.45,286.45,287.8,263
2026-09-21T10:49:00+05:30,288.0,288.3,284.2,287.0,19
2026-09-21T10:50:00+05:30,286.85,287.55,284.6,287.55,46
2026-09-21T10:51:00+05:30,286.15,287.8,284.15,287.05,72
2026-09-21T10:52:00+05:30,286.0,290.85,285.0,287.85,76
2026-09-21T10:53:00+05:30,287.8,287.8,283.85,284.85,60
2026-09-21T10:54:00+05:30,283.95,285.8,282.7,283.1,64
2026-09-21T10:55:00+05:30,284.0,289.6,284.0,289.6,39
2026-09-21T10:56:00+05:30,287.85,287.85,285.0,285.0,38
2026-09-21T10:57:00+05:30,285.0,285.0,279.1,284.15,43
2026-09-21T10:58:00+05:30,282.6,284.75,281.45,283.95,26
2026-09-21T10:59:00+05:30,284.6,284.6,277.6,278.6,52
2026-09-21T11:00:00+05:30,276.25,284.0,274.9,283.3,64
2026-09-21T11:01:00+05:30,281.25,284.05,281.25,282.65,51
2026-09-21T11:02:00+05:30,281.4,284.9,278.15,284.9,41
2026-09-21T11:03:00+05:30,282.25,282.7,276.35,277.6,47
2026-09-21T11:04:00+05:30,276.95,280.05,275.35,278.0,36
2026-09-21T11:05:00+05:30,276.0,279.0,274.9,278.2,32
2026-09-21T11:06:00+05:30,277.7,277.7,268.35,271.15,140
2026-09-21T11:07:00+05:30,270.45,274.0,267.65,269.6,85
2026-09-21T11:08:00+05:30,269.2,272.2,267.4,271.0,82
2026-09-21T11:09:00+05:30,270.0,271.9,267.35,269.35,97
2026-09-21T11:10:00+05:30,270.15,271.0,268.55,270.05,49
2026-09-21T11:11:00+05:30,270.6,270.75,267.1,268.5,71
2026-09-21T11:12:00+05:30,268.05,272.75,266.95,272.75,103
2026-09-21T11:13:00+05:30,271.6,271.6,268.3,270.35,11
2026-09-21T11:14:00+05:30,270.6,271.5,268.4,269.7,47
2026-09-21T11:15:00+05:30,268.05,270.4,267.0,270.4,47
2026-09-21T11:16:00+05:30,269.45,275.35,268.95,273.65,116
2026-09-21T11:17:00+05:30,273.4,278.05,273.4,278.05,155
2026-09-21T11:18:00+05:30,278.5,281.75,276.45,281.75,143
2026-09-21T11:19:00+05:30,280.0,281.0,278.8,279.95,79
2026-09-21T11:20:00+05:30,278.0,281.9,275.7,280.25,65
2026-09-21T11:21:00+05:30,280.25,284.0,278.4,278.9,76
2026-09-21T11:22:00+05:30,278.35,279.5,277.4,277.4,22
2026-09-21T11:23:00+05:30,278.0,278.0,274.0,275.45,35
2026-09-21T11:24:00+05:30,274.0,276.7,274.0,276.25,26
2026-09-21T11:25:00+05:30,276.05,277.4,275.95,275.95,24
2026-09-21T11:26:00+05:30,275.25,276.4,271.75,275.9,25
2026-09-21T11:27:00+05:30,277.15,277.2,271.4,271.95,28
2026-09-21T11:28:00+05:30,271.95,271.95,268.15,270.95,36
2026-09-21T11:29:00+05:30,271.0,273.5,270.95,273.5,13
2026-09-21T11:30:00+05:30,271.0,271.1,269.35,270.0,10
2026-09-21T11:31:00+05:30,271.85,278.15,271.5,277.85,12
2026-09-21T11:32:00+05:30,277.85,278.75,275.0,277.4,20
2026-09-21T11:33:00+05:30,277.0,278.6,273.7,276.15,44
2026-09-21T11:34:00+05:30,277.0,277.7,276.9,276.9,11
2026-09-21T11:35:00+05:30,277.7,287.7,277.55,286.7,90
2026-09-21T11:36:00+05:30,286.35,286.4,280.0,280.0,92
2026-09-21T11:37:00+05:30,283.0,283.0,281.25,282.0,26
2026-09-21T11:38:00+05:30,281.4,283.65,281.4,281.7,26
2026-09-21T11:39:00+05:30,281.0,282.55,280.55,282.1,24
2026-09-21T11:40:00+05:30,282.1,282.9,280.55,280.65,52
2026-09-21T11:41:00+05:30,281.0,281.0,276.65,278.05,21
2026-09-21T11:42:00+05:30,276.05,279.2,274.25,277.3,62
2026-09-21T11:43:00+05:30,276.8,278.3,275.0,278.3,36
2026-09-21T11:44:00+05:30,276.95,283.2,276.95,277.6,68
2026-09-21T11:45:00+05:30,280.0,282.3,279.35,280.7,20
2026-09-21T11:46:00+05:30,279.25,285.85,279.0,282.7,49
2026-09-21T11:47:00+05:30,283.85,284.8,281.4,284.35,15
2026-09-21T11:48:00+05:30,283.45,285.5,281.95,285.35,34
2026-09-21T11:49:00+05:30,285.2,285.75,283.75,283.85,21
2026-09-21T11:50:00+05:30,285.55,285.55,282.65,283.1,8
2026-09-21T11:51:00+05:30,282.4,282.65,281.75,281.75,27
2026-09-21T11:52:00+05:30,280.0,280.05,279.25,279.5,10
2026-09-21T11:53:00+05:30,279.45,280.35,278.2,280.35,17
2026-09-21T11:54:00+05:30,278.0,278.7,275.0,278.7,73
2026-09-21T11:55:00+05:30,278.0,280.3,278.0,278.95,38
2026-09-21T11:56:00+05:30,277.7,280.25,271.95,274.0,46
2026-09-21T11:57:00+05:30,273.3,274.55,267.7,270.0,175
2026-09-21T11:58:00+05:30,270.15,270.75,267.55,270.75,54
2026-09-21T11:59:00+05:30,269.75,272.2,268.1,271.6,43
2026-09-21T12:00:00+05:30,270.55,271.9,267.85,270.95,63
2026-09-21T12:01:00+05:30,270.75,270.95,268.3,269.85,49
2026-09-21T12:02:00+05:30,269.0,274.1,268.8,274.1,27
2026-09-21T12:03:00+05:30,272.3,274.1,270.95,274.1,161
2026-09-21T12:04:00+05:30,274.1,274.1,270.0,271.15,22
2026-09-21T12:05:00+05:30,270.05,272.55,270.05,272.55,30
2026-09-21T12:06:00+05:30,271.6,272.0,270.2,272.0,14
2026-09-21T12:07:00+05:30,272.0,275.0,270.5,275.0,35
2026-09-21T12:08:00+05:30,276.95,278.0,275.55,278.0,12
2026-09-21T12:09:00+05:30,279.0,282.35,279.0,280.5,87
2026-09-21T12:10:00+05:30,280.1,284.7,279.75,283.3,83
2026-09-21T12:11:00+05:30,282.55,282.55,278.5,281.2,48
2026-09-21T12:12:00+05:30,281.2,281.2,276.05,280.35,64
2026-09-21T12:13:00+05:30,280.55,280.85,275.8,276.9,38
2026-09-21T12:14:00+05:30,276.3,279.15,275.8,278.35,44
2026-09-21T12:15:00+05:30,276.85,280.15,276.05,278.2,24
2026-09-21T12:16:00+05:30,276.55,278.05,273.2,278.05,33
2026-09-21T12:17:00+05:30,278.05,280.0,278.05,278.5,25
2026-09-21T12:18:00+05:30,280.05,283.95,278.85,283.95,41
2026-09-21T12:19:00+05:30,282.85,285.0,281.9,282.0,58
2026-09-21T12:20:00+05:30,281.25,283.0,281.25,283.0,14
2026-09-21T12:21:00+05:30,283.0,283.25,280.45,280.6,21
2026-09-21T12:22:00+05:30,280.6,284.75,280.3,284.25,14
2026-09-21T12:23:00+05:30,283.75,290.0,283.3,289.85,67
2026-09-21T12:24:00+05:30,290.0,290.0,284.4,285.05,101
2026-09-21T12:25:00+05:30,285.1,286.45,284.8,285.95,21
2026-09-21T12:26:00+05:30,284.85,285.85,280.75,281.7,110
2026-09-21T12:27:00+05:30,283.75,283.75,279.3,280.3,65
2026-09-21T12:28:00+05:30,280.45,282.3,280.1,280.2,22
2026-09-21T12:29:00+05:30,280.0,280.0,277.9,277.9,26
2026-09-21T12:30:00+05:30,279.6,279.6,270.3,271.2,99
2026-09-21T12:31:00+05:30,270.85,275.3,270.6,275.3,24
2026-09-21T12:32:00+05:30,274.2,279.85,274.2,279.5,13
2026-09-21T12:33:00+05:30,278.25,282.0,275.9,282.0,54
2026-09-21T12:34:00+05:30,280.4,281.2,277.1,277.2,28
2026-09-21T12:35:00+05:30,276.25,280.05,272.75,272.75,19
2026-09-21T12:36:00+05:30,274.55,274.6,274.45,274.6,6
2026-09-21T12:37:00+05:30,276.0,276.0,274.4,275.2,9
2026-09-21T12:38:00+05:30,276.85,276.85,274.05,276.25,18
2026-09-21T12:39:00+05:30,275.1,277.1,273.85,274.1,42
2026-09-21T12:40:00+05:30,273.9,275.35,272.75,273.4,21
2026-09-21T12:41:00+05:30,276.6,276.6,276.5,276.5,2
2026-09-21T12:42:00+05:30,275.6,275.6,272.0,273.95,13
2026-09-21T12:43:00+05:30,274.65,274.8,270.3,271.2,45
2026-09-21T12:44:00+05:30,272.45,272.45,262.85,262.85,79
2026-09-21T12:45:00+05:30,263.2,266.65,263.05,265.0,239
2026-09-21T12:46:00+05:30,265.0,266.75,263.5,266.75,43
2026-09-21T12:47:00+05:30,265.2,268.95,265.0,268.5,28
2026-09-21T12:48:00+05:30,267.95,268.45,267.35,267.4,7
2026-09-21T12:49:00+05:30,268.05,269.9,268.05,269.9,13
2026-09-21T12:50:00+05:30,270.0,270.4,269.35,270.4,16
2026-09-21T12:51:00+05:30,272.0,274.05,271.45,271.7,48
2026-09-21T12:52:00+05:30,270.65,273.5,268.6,273.5,76
2026-09-21T12:53:00+05:30,273.45,273.45,270.3,271.25,12
2026-09-21T12:54:00+05:30,271.25,271.25,268.2,268.6,7
2026-09-21T12:55:00+05:30,266.7,271.25,266.7,270.65,45
2026-09-21T12:56:00+05:30,271.25,271.85,270.8,271.85,22
2026-09-21T12:57:00+05:30,268.75,271.65,267.9,270.45,38
2026-09-21T12:58:00+05:30,270.55,273.5,270.35,272.1,52
2026-09-21T12:59:00+05:30,271.6,276.5,271.5,276.15,136
2026-09-21T13:00:00+05:30,275.95,275.95,273.85,275.25,5
2026-09-21T13:01:00+05:30,275.4,275.4,271.0,271.0,30
2026-09-21T13:02:00+05:30,271.95,272.2,270.1,271.4,35
2026-09-21T13:03:00+05:30,274.25,274.6,273.4,273.4,5
2026-09-21T13:04:00+05:30,275.0,278.7,273.95,275.05,109
2026-09-21T13:05:00+05:30,275.05,277.1,273.0,273.0,31
2026-09-21T13:06:00+05:30,272.55,274.55,272.4,273.25,23
2026-09-21T13:07:00+05:30,272.45,274.85,271.1,274.4,25
2026-09-21T13:08:00+05:30,273.55,273.55,271.4,272.7,20
2026-09-21T13:09:00+05:30,271.05,274.25,271.0,274.2,17
2026-09-21T13:10:00+05:30,273.65,273.95,268.6,270.25,18
2026-09-21T13:11:00+05:30,270.55,274.0,270.55,272.65,17
2026-09-21T13:12:00+05:30,273.05,273.35,269.45,272.6,23
2026-09-21T13:13:00+05:30,272.55,273.2,269.45,270.4,51
2026-09-21T13:14:00+05:30,268.7,269.7,267.3,268.2,43
2026-09-21T13:15:00+05:30,266.0,266.95,256.35,258.6,322
2026-09-21T13:16:00+05:30,259.05,259.3,252.9,259.15,153
2026-09-21T13:17:00+05:30,258.1,258.3,255.0,256.85,32
2026-09-21T13:18:00+05:30,256.2,257.15,247.0,247.05,90
2026-09-21T13:19:00+05:30,246.6,249.2,242.25,247.15,187
2026-09-21T13:20:00+05:30,247.15,251.95,243.0,251.3,316
2026-09-21T13:21:00+05:30,250.2,255.85,250.05,250.85,268
2026-09-21T13:22:00+05:30,250.05,251.45,247.35,251.0,71
2026-09-21T13:23:00+05:30,251.7,253.3,250.0,252.6,118
2026-09-21T13:24:00+05:30,252.35,256.1,251.6,251.6,63
2026-09-21T13:25:00+05:30,252.7,254.25,251.65,252.55,37
2026-09-21T13:26:00+05:30,253.85,254.0,249.0,251.25,72
2026-09-21T13:27:00+05:30,250.05,250.05,245.3,249.15,69
2026-09-21T13:28:00+05:30,248.85,250.5,248.5,248.75,36
2026-09-21T13:29:00+05:30,248.15,249.8,248.15,248.55,18
2026-09-21T13:30:00+05:30,249.25,250.5,246.9,250.5,105
2026-09-21T13:31:00+05:30,250.75,251.2,249.4,249.8,25
2026-09-21T13:32:00+05:30,249.4,249.6,246.6,247.6,37
2026-09-21T13:33:00+05:30,246.0,246.0,241.4,242.7,131
2026-09-21T13:34:00+05:30,241.0,242.65,238.0,238.0,111
2026-09-21T13:35:00+05:30,237.6,239.0,234.3,235.55,128
2026-09-21T13:36:00+05:30,235.1,236.6,232.5,233.95,132
2026-09-21T13:37:00+05:30,232.65,234.8,230.0,234.2,168
2026-09-21T13:38:00+05:30,233.6,236.65,232.35,236.25,97
2026-09-21T13:39:00+05:30,236.3,237.3,232.15,233.85,33
2026-09-21T13:40:00+05:30,230.4,231.0,226.6,231.0,190
2026-09-21T13:41:00+05:30,230.4,230.4,226.0,226.35,80
2026-09-21T13:42:00+05:30,225.8,230.75,222.4,230.75,149
2026-09-21T13:43:00+05:30,230.25,234.45,229.1,234.2,83
2026-09-21T13:44:00+05:30,232.7,232.7,230.35,230.35,8
2026-09-21T13:45:00+05:30,230.7,234.2,230.5,233.3,22
2026-09-21T13:46:00+05:30,233.75,236.65,233.7,236.1,39
2026-09-21T13:47:00+05:30,234.8,234.8,230.0,230.5,57
2026-09-21T13:48:00+05:30,231.3,233.95,230.0,233.95,38
2026-09-21T13:49:00+05:30,235.0,235.55,230.0,230.0,55
2026-09-21T13:50:00+05:30,229.5,231.0,228.0,231.0,106
2026-09-21T13:51:00+05:30,228.95,228.95,222.0,225.1,53
2026-09-21T13:52:00+05:30,225.1,226.2,223.0,225.0,35
2026-09-21T13:53:00+05:30,225.55,226.25,223.7,226.25,39
2026-09-21T13:54:00+05:30,225.7,228.0,225.0,225.5,47
2026-09-21T13:55:00+05:30,224.0,224.9,222.1,224.9,92
2026-09-21T13:56:00+05:30,224.0,225.0,222.45,223.8,28
2026-09-21T13:57:00+05:30,223.95,224.2,219.7,220.25,181
2026-09-21T13:58:00+05:30,219.7,220.4,214.0,219.75,255
2026-09-21T13:59:00+05:30,218.0,218.0,211.45,217.3,156
2026-09-21T14:00:00+05:30,216.2,217.0,211.95,212.05,246
2026-09-21T14:01:00+05:30,212.05,216.0,211.95,214.1,258
2026-09-21T14:02:00+05:30,213.5,213.65,211.5,212.05,74
2026-09-21T14:03:00+05:30,212.0,212.6,209.65,212.6,166
2026-09-21T14:04:00+05:30,213.8,216.6,212.1,215.7,57
2026-09-21T14:05:00+05:30,216.05,218.1,216.05,216.5,89
2026-09-21T14:06:00+05:30,216.7,216.7,213.05,214.15,67
2026-09-21T14:07:00+05:30,213.6,216.0,212.9,215.25,61
2026-09-21T14:08:00+05:30,215.75,217.65,215.65,217.3,17
2026-09-21T14:09:00+05:30,216.5,219.9,216.4,216.4,60
2026-09-21T14:10:00+05:30,217.3,221.25,216.65,220.95,77
2026-09-21T14:11:00+05:30,221.8,222.7,217.3,217.85,69
2026-09-21T14:12:00+05:30,218.15,218.8,216.2,218.55,75
2026-09-21T14:13:00+05:30,217.2,220.9,216.8,218.1,34
2026-09-21T14:14:00+05:30,217.7,221.9,217.4,220.3,42
2026-09-21T14:15:00+05:30,220.55,221.35,219.45,219.55,17
2026-09-21T14:16:00+05:30,220.3,220.65,216.55,216.55,40
2026-09-21T14:17:00+05:30,216.0,216.05,213.1,215.1,143
2026-09-21T14:18:00+05:30,215.7,215.7,211.45,211.45,12
2026-09-21T14:19:00+05:30,211.5,213.45,210.8,212.35,51
2026-09-21T14:20:00+05:30,212.3,213.1,210.2,212.25,77
2026-09-21T14:21:00+05:30,211.95,215.8,211.7,215.8,47
2026-09-21T14:22:00+05:30,214.85,215.5,212.6,212.6,193
2026-09-21T14:23:00+05:30,212.4,214.45,211.7,212.7,47
2026-09-21T14:24:00+05:30,212.6,214.35,212.3,213.25,39
2026-09-21T14:25:00+05:30,213.0,216.3,212.8,216.1,39
2026-09-21T14:26:00+05:30,217.0,219.0,215.35,218.25,49
2026-09-21T14:27:00+05:30,217.9,218.3,216.2,216.4,21
2026-09-21T14:28:00+05:30,216.0,218.95,215.2,218.95,26
2026-09-21T14:29:00+05:30,219.15,221.95,219.15,221.4,75
2026-09-21T14:30:00+05:30,219.95,228.5,219.95,227.45,163
2026-09-21T14:31:00+05:30,225.55,226.0,221.9,224.5,269
2026-09-21T14:32:00+05:30,224.1,224.85,222.4,222.95,59
2026-09-21T14:33:00+05:30,223.35,226.0,222.35,223.6,51
2026-09-21T14:34:00+05:30,224.8,225.55,222.7,225.55,9
2026-09-21T14:35:00+05:30,224.45,226.15,224.4,225.35,60
2026-09-21T14:36:00+05:30,225.85,226.05,222.5,223.6,35
2026-09-21T14:37:00+05:30,222.95,223.5,222.5,222.5,7
2026-09-21T14:38:00+05:30,222.45,222.45,219.7,220.65,54
2026-09-21T14:39:00+05:30,221.0,222.9,220.95,222.9,42
2026-09-21T14:40:00+05:30,221.65,221.65,218.05,218.4,51
2026-09-21T14:41:00+05:30,218.6,220.55,218.05,220.0,60
2026-09-21T14:42:00+05:30,219.8,222.8,217.4,217.4,100
2026-09-21T14:43:00+05:30,217.3,219.25,216.4,219.15,77
2026-09-21T14:44:00+05:30,219.45,220.4,219.15,220.25,26
2026-09-21T14:45:00+05:30,218.45,220.0,217.8,219.0,50
2026-09-21T14:46:00+05:30,219.1,220.25,218.9,220.15,163
2026-09-21T14:47:00+05:30,220.6,221.0,219.25,219.25,67
2026-09-21T14:48:00+05:30,218.8,220.8,218.4,220.8,31
2026-09-21T14:49:00+05:30,223.95,225.0,223.7,223.7,92
2026-09-21T14:50:00+05:30,223.15,226.0,221.65,226.0,149
2026-09-21T14:51:00+05:30,226.9,232.25,226.9,229.35,184
2026-09-21T14:52:00+05:30,229.8,232.45,228.9,231.0,70
2026-09-21T14:53:00+05:30,228.95,234.1,228.95,232.1,147
2026-09-21T14:54:00+05:30,231.4,232.6,229.15,230.7,132
2026-09-21T14:55:00+05:30,231.0,231.0,229.65,231.0,70
2026-09-21T14:56:00+05:30,230.4,231.1,227.0,228.2,63
2026-09-21T14:57:00+05:30,228.4,228.4,223.6,226.75,43
2026-09-21T14:58:00+05:30,226.45,228.95,225.9,228.95,74
2026-09-21T14:59:00+05:30,229.7,229.7,226.55,228.8,71
2026-09-21T15:00:00+05:30,229.7,238.15,229.6,232.95,368
2026-09-21T15:01:00+05:30,233.3,235.5,232.75,235.1,395
2026-09-21T15:02:00+05:30,235.15,239.4,233.4,239.4,86
2026-09-21T15:03:00+05:30,239.8,241.5,238.55,240.35,101
2026-09-21T15:04:00+05:30,240.55,240.95,236.9,237.9,58
2026-09-21T15:05:00+05:30,237.85,237.85,233.2,235.05,53
2026-09-21T15:06:00+05:30,233.1,235.45,231.1,233.9,37
2026-09-21T15:07:00+05:30,233.85,236.15,233.85,234.9,43
2026-09-21T15:08:00+05:30,236.0,237.85,234.55,234.55,11
2026-09-21T15:09:00+05:30,234.85,235.35,231.55,231.55,21
2026-09-21T15:10:00+05:30,233.4,236.2,233.4,236.2,40
2026-09-21T15:11:00+05:30,236.45,237.7,234.9,237.0,37
2026-09-21T15:12:00+05:30,236.9,240.75,236.4,238.7,66
2026-09-21T15:13:00+05:30,240.3,242.6,235.85,239.45,138
2026-09-21T15:14:00+05:30,238.65,239.1,236.2,239.1,31
2026-09-21T15:15:00+05:30,239.15,240.25,235.9,238.35,126
2026-09-21T15:16:00+05:30,237.9,242.3,237.75,238.4,72
2026-09-21T15:17:00+05:30,237.95,239.25,237.2,239.1,32
2026-09-21T15:18:00+05:30,239.6,240.1,237.8,239.65,18
2026-09-21T15:19:00+05:30,239.45,241.1,237.9,239.2,53
2026-09-21T15:20:00+05:30,239.8,242.2,239.1,240.55,391
2026-09-21T15:21:00+05:30,241.15,241.5,239.45,239.75,39
2026-09-21T15:22:00+05:30,238.55,240.0,238.15,238.15,65
2026-09-21T15:23:00+05:30,239.1,239.1,236.35,236.4,27
2026-09-21T15:24:00+05:30,237.9,238.9,233.7,234.35,67
2026-09-21T15:25:00+05:30,233.65,236.0,233.25,236.0,14
2026-09-21T15:26:00+05:30,236.6,241.6,236.6,238.65,254
2026-09-21T15:27:00+05:30,239.0,239.25,238.0,238.0,24
2026-09-21T15:28:00+05:30,238.0,239.75,238.0,238.75,16
2026-09-21T15:29:00+05:30,239.95,240.25,237.65,237.65,62
2026-09-21T15:30:00+05:30,238.6,239.65,238.5,238.5,40
2026-09-21T15:31:00+05:30,237.8,237.8,234.95,235.1,183
2026-09-21T15:32:00+05:30,236.2,238.65,235.55,238.3,40
2026-09-21T15:33:00+05:30,238.4,239.4,238.0,238.05,26
2026-09-21T15:34:00+05:30,238.0,239.0,237.5,238.15,128
2026-09-21T15:35:00+05:30,238.1,239.35,237.7,238.0,40
2026-09-21T15:36:00+05:30,238.0,241.0,238.0,241.0,93
2026-09-21T15:37:00+05:30,240.4,241.2,240.4,241.2,38
2026-09-21T15:38:00+05:30,241.2,241.3,239.85,241.05,61
2026-09-21T15:39:00+05:30,239.8,244.4,239.8,240.1,101
2026-09-22T09:15:00+05:30,221.8,221.85,198.65,208.35,897
2026-09-22T09:16:00+05:30,207.6,221.2,203.35,219.8,206
2026-09-22T09:17:00+05:30,219.15,220.95,208.0,208.0,296
2026-09-22T09:18:00+05:30,208.85,208.85,200.25,204.9,427
2026-09-22T09:19:00+05:30,204.95,207.9,201.0,204.2,267
2026-09-22T09:20:00+05:30,204.35,206.25,196.6,203.6,254
2026-09-22T09:21:00+05:30,203.8,207.3,199.7,200.0,289
2026-09-22T09:22:00+05:30,200.3,202.4,197.75,202.2,149
2026-09-22T09:23:00+05:30,203.25,203.25,196.1,196.8,229
2026-09-22T09:24:00+05:30,196.0,198.0,191.0,197.9,291
2026-09-22T09:25:00+05:30,198.85,201.45,197.4,198.05,228
2026-09-22T09:26:00+05:30,197.0,202.0,194.7,202.0,123
2026-09-22T09:27:00+05:30,202.25,204.0,199.4,200.0,99
2026-09-22T09:28:00+05:30,198.2,200.95,192.35,195.6,270
2026-09-22T09:29:00+05:30,196.25,196.25,184.0,184.35,243
2026-09-22T09:30:00+05:30,184.7,186.75,181.0,185.85,268
2026-09-22T09:31:00+05:30,186.15,189.15,185.25,186.0,122
2026-09-22T09:32:00+05:30,185.5,194.9,185.5,194.9,65
2026-09-22T09:33:00+05:30,193.85,194.85,190.25,194.85,39
2026-09-22T09:34:00+05:30,195.3,195.35,192.0,192.0,25
2026-09-22T09:35:00+05:30,191.05,194.0,190.25,193.35,88
2026-09-22T09:36:00+05:30,192.25,192.25,190.15,191.7,53
2026-09-22T09:37:00+05:30,191.15,192.05,184.85,184.9,166
2026-09-22T09:38:00+05:30,185.4,185.8,183.5,185.8,57
2026-09-22T09:39:00+05:30,185.75,185.85,182.55,184.75,45
2026-09-22T09:40:00+05:30,184.0,187.6,184.0,184.95,61
2026-09-22T09:41:00+05:30,184.7,184.7,182.0,183.45,60
2026-09-22T09:42:00+05:30,182.45,183.65,179.75,179.75,84
2026-09-22T09:43:00+05:30,180.15,182.45,180.15,181.3,58
2026-09-22T09:44:00+05:30,180.75,182.4,178.0,178.85,74
2026-09-22T09:45:00+05:30,178.0,183.1,176.85,183.0,81
2026-09-22T09:46:00+05:30,181.65,183.25,179.85,180.45,65
2026-09-22T09:47:00+05:30,180.2,180.2,177.2,177.4,69
2026-09-22T09:48:00+05:30,177.15,179.3,174.55,179.3,96
2026-09-22T09:49:00+05:30,179.65,180.05,176.25,177.75,88
2026-09-22T09:50:00+05:30,177.15,177.15,170.05,171.8,138
2026-09-22T09:51:00+05:30,172.0,175.55,171.45,175.55,20
2026-09-22T09:52:00+05:30,176.15,176.35,174.15,176.0,69
2026-09-22T09:53:00+05:30,174.5,174.5,172.5,174.35,57
2026-09-22T09:54:00+05:30,173.9,174.2,172.05,173.55,90
2026-09-22T09:55:00+05:30,173.25,180.45,172.9,179.25,55
2026-09-22T09:56:00+05:30,178.9,179.8,175.85,178.0,55
2026-09-22T09:57:00+05:30,179.9,183.0,179.2,182.5,77
2026-09-22T09:58:00+05:30,181.0,181.3,177.8,177.8,60
2026-09-22T09:59:00+05:30,177.1,179.25,176.9,177.2,37
2026-09-22T10:00:00+05:30,176.8,177.9,173.85,175.1,40
2026-09-22T10:01:00+05:30,174.15,180.9,173.15,180.9,40
2026-09-22T10:02:00+05:30,180.85,185.0,180.5,184.95,256
2026-09-22T10:03:00+05:30,183.7,185.0,182.6,185.0,100
2026-09-22T10:04:00+05:30,181.4,182.15,180.05,181.0,24
2026-09-22T10:05:00+05:30,179.85,182.7,179.25,182.7,13
2026-09-22T10:06:00+05:30,182.05,187.85,182.05,187.7,42
2026-09-22T10:07:00+05:30,188.0,188.0,183.95,184.65,191
2026-09-22T10:08:00+05:30,186.1,186.6,181.2,181.2,83
2026-09-22T10:09:00+05:30,182.3,182.3,176.6,176.7,68
2026-09-22T10:10:00+05:30,177.0,180.6,177.0,180.6,21
2026-09-22T10:11:00+05:30,175.6,175.6,173.05,175.0,106
2026-09-22T10:12:00+05:30,175.7,177.65,174.4,177.65,29
2026-09-22T10:13:00+05:30,177.6,180.0,177.6,179.1,48
2026-09-22T10:14:00+05:30,177.35,177.75,175.0,177.1,29
2026-09-22T10:15:00+05:30,177.4,179.75,176.55,176.55,9
2026-09-22T10:16:00+05:30,178.05,182.85,176.5,180.7,92
2026-09-22T10:17:00+05:30,180.7,181.8,179.8,181.8,36
2026-09-22T10:18:00+05:30,182.15,185.0,179.45,180.9,43
2026-09-22T10:19:00+05:30,179.95,180.9,179.65,180.5,26
2026-09-22T10:20:00+05:30,182.25,185.8,182.25,185.15,60
2026-09-22T10:21:00+05:30,185.55,192.85,185.3,192.8,124
2026-09-22T10:22:00+05:30,193.8,200.0,193.0,199.2,254
2026-09-22T10:23:00+05:30,198.4,198.4,190.55,192.45,150
2026-09-22T10:24:00+05:30,192.45,195.6,191.2,193.0,91
2026-09-22T10:25:00+05:30,193.4,193.75,192.7,193.55,32
2026-09-22T10:26:00+05:30,193.5,198.0,193.1,196.0,90
2026-09-22T10:27:00+05:30,196.05,198.7,191.0,191.75,109
2026-09-22T10:28:00+05:30,192.95,193.85,189.7,191.0,36
2026-09-22T10:29:00+05:30,190.5,192.2,187.1,192.2,37
2026-09-22T10:30:00+05:30,194.1,207.7,193.65,207.7,226
2026-09-22T10:31:00+05:30,208.0,224.25,208.0,215.0,884
2026-09-22T10:32:00+05:30,215.0,227.3,211.0,224.75,324
2026-09-22T10:33:00+05:30,225.65,236.85,221.25,233.05,266
2026-09-22T10:34:00+05:30,233.5,237.05,225.0,229.35,221
2026-09-22T10:35:00+05:30,231.25,253.8,230.55,252.05,579
2026-09-22T10:36:00+05:30,254.1,260.15,245.75,247.0,339
2026-09-22T10:37:00+05:30,247.1,248.35,236.9,237.6,427
2026-09-22T10:38:00+05:30,238.25,242.0,231.0,241.0,159
2026-09-22T10:39:00+05:30,241.4,244.5,236.35,238.4,171
2026-09-22T10:40:00+05:30,238.25,239.5,233.15,236.45,120
2026-09-22T10:41:00+05:30,238.7,257.2,238.7,256.75,388
2026-09-22T10:42:00+05:30,260.0,272.7,256.3,259.3,475
2026-09-22T10:43:00+05:30,259.55,263.55,254.15,258.75,330
2026-09-22T10:44:00+05:30,257.35,266.15,255.95,265.1,165
2026-09-22T10:45:00+05:30,263.35,274.65,263.35,270.0,327
2026-09-22T10:46:00+05:30,271.6,271.6,260.55,262.3,190
2026-09-22T10:47:00+05:30,261.1,264.5,255.55,257.95,171
2026-09-22T10:48:00+05:30,258.35,266.0,257.5,266.0,132
2026-09-22T10:49:00+05:30,265.5,266.0,259.0,266.0,125
2026-09-22T10:50:00+05:30,269.75,279.2,269.4,274.8,331
2026-09-22T10:51:00+05:30,274.65,282.35,270.0,276.35,387
2026-09-22T10:52:00+05:30,276.05,288.0,274.15,281.6,471
2026-09-22T10:53:00+05:30,282.6,285.05,278.9,279.3,268
2026-09-22T10:54:00+05:30,278.65,281.15,269.25,270.45,361
2026-09-22T10:55:00+05:30,271.45,272.85,263.45,263.9,161
2026-09-22T10:56:00+05:30,264.85,269.1,261.45,266.8,139
2026-09-22T10:57:00+05:30,266.9,266.9,258.85,261.35,130
2026-09-22T10:58:00+05:30,262.0,264.8,256.25,256.25,118
2026-09-22T10:59:00+05:30,259.0,259.4,250.5,253.7,361
2026-09-22T11:00:00+05:30,252.75,262.95,252.15,261.75,108
2026-09-22T11:01:00+05:30,260.65,275.55,260.65,270.0,566
2026-09-22T11:02:00+05:30,269.05,278.25,269.05,275.25,118
2026-09-22T11:03:00+05:30,275.65,279.45,275.65,276.9,121
2026-09-22T11:04:00+05:30,276.65,280.75,274.95,280.45,161
2026-09-22T11:05:00+05:30,281.0,289.1,275.0,285.55,244
2026-09-22T11:06:00+05:30,284.9,285.9,277.05,277.05,293
2026-09-22T11:07:00+05:30,277.9,286.75,276.9,280.5,539
2026-09-22T11:08:00+05:30,281.0,286.0,280.5,283.6,73
2026-09-22T11:09:00+05:30,284.25,285.3,273.85,279.9,198
2026-09-22T11:10:00+05:30,275.95,276.05,267.65,270.6,244
2026-09-22T11:11:00+05:30,269.6,273.4,265.45,271.55,107
2026-09-22T11:12:00+05:30,270.0,271.85,269.15,270.35,35
2026-09-22T11:13:00+05:30,267.1,267.5,262.85,264.35,74
2026-09-22T11:14:00+05:30,265.3,267.35,257.6,262.55,188
2026-09-22T11:15:00+05:30,263.5,269.5,263.5,269.5,69
2026-09-22T11:16:00+05:30,268.85,272.8,262.5,263.1,283
2026-09-22T11:17:00+05:30,262.5,266.75,259.7,263.35,106
2026-09-22T11:18:00+05:30,264.15,268.6,264.15,267.05,117
2026-09-22T11:19:00+05:30,269.0,273.7,267.7,267.7,31
2026-09-22T11:20:00+05:30,266.0,271.25,265.2,267.7,96
2026-09-22T11:21:00+05:30,267.65,269.25,264.15,266.6,73
2026-09-22T11:22:00+05:30,265.15,269.85,263.9,267.75,174
2026-09-22T11:23:00+05:30,266.05,268.45,262.55,265.8,114
2026-09-22T11:24:00+05:30,265.75,265.75,260.85,262.4,75
2026-09-22T11:25:00+05:30,262.55,262.55,256.9,259.7,80
2026-09-22T11:26:00+05:30,260.35,264.75,260.1,261.8,83
2026-09-22T11:27:00+05:30,262.6,267.1,261.05,262.6,87
2026-09-22T11:28:00+05:30,261.65,264.05,257.0,259.8,145
2026-09-22T11:29:00+05:30,260.8,263.45,258.3,261.3,82
2026-09-22T11:30:00+05:30,261.45,275.0,261.05,272.5,135
2026-09-22T11:31:00+05:30,270.0,278.45,269.0,277.8,115
2026-09-22T11:32:00+05:30,279.0,286.55,278.7,278.95,216
2026-09-22T11:33:00+05:30,276.5,282.65,276.0,282.05,285
2026-09-22T11:34:00+05:30,279.45,291.45,279.45,290.3,215
2026-09-22T11:35:00+05:30,291.65,298.9,288.65,288.95,508
2026-09-22T11:36:00+05:30,289.6,294.5,286.65,286.8,261
2026-09-22T11:37:00+05:30,287.6,293.5,285.8,287.2,150
2026-09-22T11:38:00+05:30,287.0,288.45,284.0,285.7,134
2026-09-22T11:39:00+05:30,285.25,295.65,285.25,293.9,173
2026-09-22T11:40:00+05:30,294.3,305.45,291.5,292.35,586
2026-09-22T11:41:00+05:30,293.6,293.6,287.45,292.75,245
2026-09-22T11:42:00+05:30,291.8,300.55,291.8,299.65,268
2026-09-22T11:43:00+05:30,298.7,300.75,295.6,299.35,317
2026-09-22T11:44:00+05:30,299.95,301.2,293.15,293.4,277
2026-09-22T11:45:00+05:30,295.9,300.0,293.0,294.4,146
2026-09-22T11:46:00+05:30,296.1,311.4,295.85,307.0,433
2026-09-22T11:47:00+05:30,307.65,310.6,300.95,304.55,430
2026-09-22T11:48:00+05:30,304.15,304.15,295.6,298.25,280
2026-09-22T11:49:00+05:30,296.75,300.65,296.0,299.15,322
2026-09-22T11:50:00+05:30,299.2,300.8,295.0,298.1,158
2026-09-22T11:51:00+05:30,299.1,302.15,295.35,300.55,389
2026-09-22T11:52:00+05:30,300.55,301.65,285.3,286.45,450
2026-09-22T11:53:00+05:30,286.85,293.85,286.85,291.15,152
2026-09-22T11:54:00+05:30,292.55,300.0,291.9,300.0,280
2026-09-22T11:55:00+05:30,300.0,302.65,297.0,298.95,440
2026-09-22T11:56:00+05:30,300.0,305.0,293.25,295.0,440
2026-09-22T11:57:00+05:30,294.85,297.6,292.4,292.4,408
2026-09-22T11:58:00+05:30,291.85,294.9,285.0,285.95,309
2026-09-22T11:59:00+05:30,284.7,288.2,283.0,284.75,223
2026-09-22T12:00:00+05:30,287.0,288.75,283.65,287.2,196
2026-09-22T12:01:00+05:30,288.5,291.85,285.6,287.1,130
2026-09-22T12:02:00+05:30,286.05,289.05,280.8,286.8,236
2026-09-22T12:03:00+05:30,287.0,287.4,275.0,276.65,297
2026-09-22T12:04:00+05:30,276.65,282.0,275.85,276.45,156
2026-09-22T12:05:00+05:30,275.7,277.9,271.9,273.65,204
2026-09-22T12:06:00+05:30,272.7,278.85,272.5,277.3,163
2026-09-22T12:07:00+05:30,280.0,282.95,279.3,282.95,177
2026-09-22T12:08:00+05:30,282.3,282.4,271.7,271.7,170
2026-09-22T12:09:00+05:30,273.05,274.65,268.9,270.15,236
2026-09-22T12:10:00+05:30,271.15,272.1,268.65,271.65,123
2026-09-22T12:11:00+05:30,272.65,277.65,271.25,275.3,210
2026-09-22T12:12:00+05:30,275.2,280.5,275.2,279.6,89
2026-09-22T12:13:00+05:30,279.45,285.5,279.45,283.65,196
2026-09-22T12:14:00+05:30,283.7,288.3,271.85,287.25,323
2026-09-22T12:15:00+05:30,286.85,294.5,286.8,290.55,354
2026-09-22T12:16:00+05:30,290.45,292.25,281.7,283.0,199
2026-09-22T12:17:00+05:30,282.2,282.4,275.35,276.1,113
2026-09-22T12:18:00+05:30,275.85,277.0,274.05,275.0,116
2026-09-22T12:19:00+05:30,274.0,274.9,265.6,268.1,232
2026-09-22T12:20:00+05:30,267.25,272.5,267.1,270.8,114
2026-09-22T12:21:00+05:30,271.6,273.75,262.0,262.3,198
2026-09-22T12:22:00+05:30,263.8,270.5,263.8,270.5,115
2026-09-22T12:23:00+05:30,271.0,272.15,268.3,269.85,75
2026-09-22T12:24:00+05:30,271.0,275.25,270.0,272.55,124
2026-09-22T12:25:00+05:30,273.1,273.7,270.0,272.0,84
2026-09-22T12:26:00+05:30,271.25,272.35,264.45,269.45,95
2026-09-22T12:27:00+05:30,268.25,272.0,264.8,267.45,127
2026-09-22T12:28:00+05:30,270.55,271.55,264.85,266.75,87
2026-09-22T12:29:00+05:30,267.45,275.0,267.3,273.9,118
2026-09-22T12:30:00+05:30,273.55,280.7,273.15,280.7,317
2026-09-22T12:31:00+05:30,279.45,282.9,274.7,276.0,228
2026-09-22T12:32:00+05:30,275.55,275.55,271.65,274.45,71
2026-09-22T12:33:00+05:30,273.1,274.6,270.45,273.9,122
2026-09-22T12:34:00+05:30,274.8,275.2,270.0,270.0,30
2026-09-22T12:35:00+05:30,270.0,272.9,267.3,269.3,106
2026-09-22T12:36:00+05:30,273.4,276.0,273.4,274.3,83
2026-09-22T12:37:00+05:30,275.9,280.55,271.95,277.4,154
2026-09-22T12:38:00+05:30,278.5,281.95,276.5,279.6,73
2026-09-22T12:39:00+05:30,280.0,286.6,280.0,282.55,227
2026-09-22T12:40:00+05:30,283.25,288.15,280.45,281.2,246
2026-09-22T12:41:00+05:30,282.75,289.55,282.0,287.35,137
2026-09-22T12:42:00+05:30,288.0,288.85,284.4,286.05,92
2026-09-22T12:43:00+05:30,287.35,294.9,284.1,294.9,256
2026-09-22T12:44:00+05:30,294.95,304.2,293.9,302.85,663
2026-09-22T12:45:00+05:30,304.2,309.0,301.35,304.7,826
2026-09-22T12:46:00+05:30,306.5,306.5,296.05,301.05,545
2026-09-22T12:47:00+05:30,301.25,302.65,296.15,297.0,146
2026-09-22T12:48:00+05:30,295.95,299.3,292.05,292.3,204
2026-09-22T12:49:00+05:30,292.05,302.4,289.65,301.45,349
2026-09-22T12:50:00+05:30,301.45,307.4,301.45,303.3,507
2026-09-22T12:51:00+05:30,303.45,309.4,300.35,306.25,606
2026-09-22T12:52:00+05:30,306.85,307.35,298.5,300.4,365
2026-09-22T12:53:00+05:30,300.15,303.0,296.35,300.75,184
2026-09-22T12:54:00+05:30,300.05,304.0,298.45,303.4,133
2026-09-22T12:55:00+05:30,303.75,314.75,301.55,314.75,544
2026-09-22T12:56:00+05:30,313.75,316.8,301.6,302.85,836
2026-09-22T12:57:00+05:30,304.05,306.85,300.45,305.95,276
2026-09-22T12:58:00+05:30,306.0,308.0,300.0,302.65,283
2026-09-22T12:59:00+05:30,302.75,305.25,302.1,305.15,168
2026-09-22T13:00:00+05:30,304.2,321.75,304.2,316.75,854
2026-09-22T13:01:00+05:30,315.5,319.25,305.85,307.0,793
2026-09-22T13:02:00+05:30,306.1,316.15,301.7,314.3,275
2026-09-22T13:03:00+05:30,316.55,319.95,314.1,316.8,380
2026-09-22T13:04:00+05:30,317.45,319.0,313.0,316.85,202
2026-09-22T13:05:00+05:30,317.1,318.3,310.95,312.7,355
2026-09-22T13:06:00+05:30,313.05,314.0,307.5,309.3,246
2026-09-22T13:07:00+05:30,310.05,310.05,303.45,304.85,267
2026-09-22T13:08:00+05:30,304.6,312.0,303.9,304.0,195
2026-09-22T13:09:00+05:30,303.2,305.8,299.2,299.25,285
2026-09-22T13:10:00+05:30,299.05,300.7,294.65,298.0,230
2026-09-22T13:11:00+05:30,298.55,307.65,297.7,303.2,297
2026-09-22T13:12:00+05:30,302.35,306.4,299.25,299.55,163
2026-09-22T13:13:00+05:30,299.4,306.3,299.4,303.45,164
2026-09-22T13:14:00+05:30,302.5,302.5,295.15,295.75,163
2026-09-22T13:15:00+05:30,297.05,298.6,291.0,297.45,209
2026-09-22T13:16:00+05:30,298.4,300.4,295.05,295.7,114
2026-09-22T13:17:00+05:30,297.6,305.7,296.65,304.85,305
2026-09-22T13:18:00+05:30,306.0,310.0,301.95,303.0,209
2026-09-22T13:19:00+05:30,302.85,303.3,298.05,300.7,188
2026-09-22T13:20:00+05:30,301.35,309.1,301.35,309.1,146
2026-09-22T13:21:00+05:30,309.15,312.95,308.85,312.0,320
2026-09-22T13:22:00+05:30,311.35,313.15,308.6,310.8,203
2026-09-22T13:23:00+05:30,310.75,312.0,306.3,308.3,210
2026-09-22T13:24:00+05:30,307.75,310.0,304.0,304.4,163
2026-09-22T13:25:00+05:30,304.95,308.0,303.1,306.35,75
2026-09-22T13:26:00+05:30,306.0,313.0,302.0,309.75,218
2026-09-22T13:27:00+05:30,311.0,311.7,304.05,305.05,63
2026-09-22T13:28:00+05:30,304.0,304.8,300.05,302.8,119
2026-09-22T13:29:00+05:30,303.45,305.4,299.0,302.65,211
2026-09-22T13:30:00+05:30,302.4,306.95,300.4,302.65,159
2026-09-22T13:31:00+05:30,302.1,303.0,299.0,303.0,74
2026-09-22T13:32:00+05:30,301.75,302.35,296.25,298.05,93
2026-09-22T13:33:00+05:30,300.45,301.25,297.45,298.45,108
2026-09-22T13:34:00+05:30,298.15,299.1,295.0,297.55,439
2026-09-22T13:35:00+05:30,297.3,303.15,293.6,294.6,108
2026-09-22T13:36:00+05:30,294.3,296.85,290.0,296.85,297
2026-09-22T13:37:00+05:30,294.05,297.35,290.1,290.1,119
2026-09-22T13:38:00+05:30,290.45,297.45,290.05,297.35,68
2026-09-22T13:39:00+05:30,297.1,297.1,292.55,294.75,55
2026-09-22T13:40:00+05:30,292.55,295.35,291.3,292.9,98
2026-09-22T13:41:00+05:30,292.0,295.4,290.0,294.4,131
2026-09-22T13:42:00+05:30,294.5,295.0,284.25,289.3,392
2026-09-22T13:43:00+05:30,290.0,296.45,290.0,295.0,333
2026-09-22T13:44:00+05:30,295.0,303.6,294.85,303.6,334
2026-09-22T13:45:00+05:30,304.2,308.95,302.8,306.9,558
2026-09-22T13:46:00+05:30,306.95,311.0,305.0,309.9,394
2026-09-22T13:47:00+05:30,309.8,310.65,301.45,303.35,380
2026-09-22T13:48:00+05:30,304.5,312.45,303.45,312.45,243
2026-09-22T13:49:00+05:30,312.75,315.65,306.65,307.45,479
2026-09-22T13:50:00+05:30,307.7,315.0,307.05,308.75,553
2026-09-22T13:51:00+05:30,310.15,315.8,309.0,311.8,609
2026-09-22T13:52:00+05:30,312.7,313.0,308.25,308.95,185
2026-09-22T13:53:00+05:30,311.3,343.0,310.2,333.0,1605
2026-09-22T13:54:00+05:30,333.7,348.2,333.7,338.7,1110
2026-09-22T13:55:00+05:30,337.6,340.6,320.0,330.25,673
2026-09-22T13:56:00+05:30,329.55,335.85,329.1,332.55,341
2026-09-22T13:57:00+05:30,332.8,336.7,328.15,333.7,307
2026-09-22T13:58:00+05:30,334.05,338.8,331.7,334.75,401
2026-09-22T13:59:00+05:30,335.4,337.85,329.6,333.35,273
2026-09-22T14:00:00+05:30,333.0,347.0,332.25,345.6,833
2026-09-22T14:01:00+05:30,346.1,346.3,328.25,330.0,634
2026-09-22T14:02:00+05:30,330.05,335.6,322.0,330.15,349
2026-09-22T14:03:00+05:30,331.3,334.15,325.5,325.5,199
2026-09-22T14:04:00+05:30,326.9,330.35,317.8,319.9,231
2026-09-22T14:05:00+05:30,321.1,325.65,315.05,325.15,172
2026-09-22T14:06:00+05:30,326.15,332.4,319.1,322.05,195
2026-09-22T14:07:00+05:30,321.1,331.05,319.7,329.6,204
2026-09-22T14:08:00+05:30,328.75,332.35,328.3,328.4,197
2026-09-22T14:09:00+05:30,328.0,329.65,311.05,313.0,306
2026-09-22T14:10:00+05:30,314.35,317.2,303.8,311.45,511
2026-09-22T14:11:00+05:30,313.4,318.95,298.15,299.9,657
2026-09-22T14:12:00+05:30,299.5,309.4,279.1,284.95,967
2026-09-22T14:13:00+05:30,284.7,292.85,283.0,287.25,632
2026-09-22T14:14:00+05:30,287.4,290.5,235.7,235.7,1511
2026-09-22T14:15:00+05:30,237.5,254.95,227.25,253.45,2291
2026-09-22T14:16:00+05:30,253.2,275.4,252.05,265.05,958
2026-09-22T14:17:00+05:30,262.95,263.95,250.25,252.55,552
2026-09-22T14:18:00+05:30,250.0,266.55,248.0,262.6,399
2026-09-22T14:19:00+05:30,262.0,264.1,251.8,252.25,173
2026-09-22T14:20:00+05:30,251.6,255.0,240.9,244.35,374
2026-09-22T14:21:00+05:30,244.15,250.35,234.15,250.35,355
2026-09-22T14:22:00+05:30,250.35,253.2,247.95,249.9,222
2026-09-22T14:23:00+05:30,251.1,253.9,244.0,253.9,250
2026-09-22T14:24:00+05:30,253.9,263.0,252.0,260.95,224
2026-09-22T14:25:00+05:30,259.85,262.65,245.1,248.8,217
2026-09-22T14:26:00+05:30,248.1,251.6,242.55,246.7,171
2026-09-22T14:27:00+05:30,246.4,249.35,243.6,246.2,143
2026-09-22T14:28:00+05:30,245.2,251.15,245.15,245.15,66
2026-09-22T14:29:00+05:30,245.0,245.0,241.0,244.0,136
2026-09-22T14:30:00+05:30,245.9,246.65,240.75,244.2,453
2026-09-22T14:31:00+05:30,244.45,246.85,235.85,236.6,269
2026-09-22T14:32:00+05:30,236.7,237.75,224.6,230.2,261
2026-09-22T14:33:00+05:30,230.45,242.1,230.45,242.1,100
2026-09-22T14:34:00+05:30,242.2,254.8,240.8,250.6,275
2026-09-22T14:35:00+05:30,250.4,253.35,245.75,246.1,89
2026-09-22T14:36:00+05:30,246.7,247.35,237.4,240.7,78
2026-09-22T14:37:00+05:30,242.35,254.15,242.35,247.8,113
2026-09-22T14:38:00+05:30,246.7,258.2,246.7,258.2,176
2026-09-22T14:39:00+05:30,257.1,258.75,248.2,253.6,326
2026-09-22T14:40:00+05:30,252.35,260.0,251.85,260.0,433
2026-09-22T14:41:00+05:30,261.5,267.45,254.9,259.35,584
2026-09-22T14:42:00+05:30,258.6,280.45,258.6,274.3,572
2026-09-22T14:43:00+05:30,273.95,274.6,267.7,269.6,242
2026-09-22T14:44:00+05:30,270.0,270.45,263.4,264.55,185
2026-09-22T14:45:00+05:30,264.25,269.0,252.0,255.1,234
2026-09-22T14:46:00+05:30,255.7,263.75,255.7,256.2,233
2026-09-22T14:47:00+05:30,259.75,264.0,255.9,261.35,142
2026-09-22T14:48:00+05:30,263.15,270.4,260.8,268.65,290
2026-09-22T14:49:00+05:30,268.95,270.8,266.15,268.7,153
2026-09-22T14:50:00+05:30,271.0,275.95,263.1,263.1,324
2026-09-22T14:51:00+05:30,264.0,270.0,264.0,270.0,125
2026-09-22T14:52:00+05:30,273.5,275.45,267.8,270.05,269
2026-09-22T14:53:00+05:30,267.75,273.7,265.15,269.95,147
2026-09-22T14:54:00+05:30,271.45,273.0,267.55,269.8,172
2026-09-22T14:55:00+05:30,269.4,272.2,265.0,265.75,131
2026-09-22T14:56:00+05:30,265.0,274.6,264.5,268.8,203
2026-09-22T14:57:00+05:30,269.8,274.95,268.3,274.95,183
2026-09-22T14:58:00+05:30,274.1,281.3,270.0,279.35,285
2026-09-22T14:59:00+05:30,280.0,285.0,275.2,276.7,583
2026-09-22T15:00:00+05:30,276.35,283.4,274.3,282.7,198
2026-09-22T15:01:00+05:30,283.9,287.4,272.35,273.25,274
2026-09-22T15:02:00+05:30,272.4,275.25,266.85,270.1,178
2026-09-22T15:03:00+05:30,271.35,271.95,260.2,262.6,257
2026-09-22T15:04:00+05:30,262.0,268.25,261.15,266.95,137
2026-09-22T15:05:00+05:30,267.6,272.6,266.25,271.75,140
2026-09-22T15:06:00+05:30,272.8,277.55,272.25,273.45,184
2026-09-22T15:07:00+05:30,273.2,278.3,272.3,277.4,76
2026-09-22T15:08:00+05:30,278.15,281.2,276.15,280.0,164
2026-09-22T15:09:00+05:30,280.9,281.3,275.3,277.0,77
2026-09-22T15:10:00+05:30,277.7,279.8,268.1,269.55,107
2026-09-22T15:11:00+05:30,270.75,276.0,260.0,262.35,241
2026-09-22T15:12:00+05:30,260.8,266.8,254.35,257.4,259
2026-09-22T15:13:00+05:30,257.1,260.6,253.5,257.7,427
2026-09-22T15:14:00+05:30,256.9,258.0,253.1,258.0,111
2026-09-22T15:15:00+05:30,258.6,268.65,258.55,267.4,204
2026-09-22T15:16:00+05:30,267.9,268.05,256.25,257.75,59
2026-09-22T15:17:00+05:30,258.15,262.0,256.1,262.0,49
2026-09-22T15:18:00+05:30,262.6,264.5,261.6,264.1,41
2026-09-22T15:19:00+05:30,265.0,268.95,262.95,264.8,39
2026-09-22T15:20:00+05:30,264.65,270.9,262.05,265.7,280
2026-09-22T15:21:00+05:30,266.1,266.1,260.0,264.75,104
2026-09-22T15:22:00+05:30,262.8,271.0,258.0,264.45,106
2026-09-22T15:23:00+05:30,265.0,265.6,259.35,261.3,91
2026-09-22T15:24:00+05:30,261.3,262.5,258.35,259.45,84
2026-09-22T15:25:00+05:30,260.45,263.9,259.0,259.0,89
2026-09-22T15:26:00+05:30,260.0,264.5,256.8,262.0,278
2026-09-22T15:27:00+05:30,262.9,265.4,257.7,263.05,136
2026-09-22T15:28:00+05:30,263.35,265.95,260.75,265.95,130
2026-09-22T15:29:00+05:30,266.0,272.6,265.45,271.9,131
2026-09-22T15:30:00+05:30,272.8,281.6,272.8,281.55,171
