timestamp,open,high,low,close,volume
2026-07-28T09:15:00+05:30,645.95,645.95,645.95,645.95,0
2026-07-28T09:16:00+05:30,642.4,645.55,634.65,642.0,35
2026-07-28T09:17:00+05:30,644.5,651.75,644.5,651.75,8
2026-07-28T09:18:00+05:30,654.9,663.1,654.9,658.0,20
2026-07-28T09:19:00+05:30,654.55,654.55,647.0,650.3,5
2026-07-28T09:20:00+05:30,659.45,664.65,659.45,664.65,9
2026-07-28T09:21:00+05:30,655.0,655.0,650.0,650.0,6
2026-07-28T09:22:00+05:30,645.0,645.0,645.0,645.0,1
2026-07-28T09:23:00+05:30,625.05,629.8,622.25,622.25,8
2026-07-28T09:24:00+05:30,624.0,632.6,624.0,632.6,15
2026-07-28T09:25:00+05:30,622.75,622.85,610.0,618.15,17
2026-07-28T09:26:00+05:30,614.25,614.25,604.65,608.5,18
2026-07-28T09:27:00+05:30,610.75,611.0,605.5,611.0,3
2026-07-28T09:28:00+05:30,606.05,606.05,605.0,605.75,6
2026-07-28T09:29:00+05:30,625.1,626.0,625.1,626.0,5
2026-07-28T09:30:00+05:30,606.55,609.85,606.55,609.85,2
2026-07-28T09:31:00+05:30,615.1,617.95,600.0,600.0,23
2026-07-28T09:32:00+05:30,594.0,594.0,592.15,592.15,43
2026-07-28T09:33:00+05:30,590.55,591.0,590.0,590.0,33
2026-07-28T09:34:00+05:30,592.9,600.0,592.9,600.0,13
2026-07-28T09:36:00+05:30,607.7,607.7,607.7,607.7,1
2026-07-28T09:37:00+05:30,611.35,612.0,607.0,607.0,6
2026-07-28T09:38:00+05:30,614.5,615.0,614.5,615.0,4
2026-07-28T09:39:00+05:30,614.75,615.0,606.2,606.2,7
2026-07-28T09:40:00+05:30,609.95,609.95,607.0,607.0,3
2026-07-28T09:41:00+05:30,607.0,607.0,598.85,603.1,26
2026-07-28T09:42:00+05:30,600.0,600.0,600.0,600.0,4
2026-07-28T09:43:00+05:30,604.9,605.05,604.9,605.05,3
2026-07-28T09:44:00+05:30,610.0,610.0,585.0,585.0,17
2026-07-28T09:45:00+05:30,578.5,589.4,578.0,587.65,16
2026-07-28T09:46:00+05:30,586.9,586.95,582.7,582.7,3
2026-07-28T09:47:00+05:30,581.5,581.5,581.5,581.5,1
2026-07-28T09:48:00+05:30,584.95,585.0,581.5,584.9,6
2026-07-28T09:49:00+05:30,586.35,586.35,586.35,586.35,1
2026-07-28T09:50:00+05:30,586.05,586.05,580.4,580.45,26
2026-07-28T09:51:00+05:30,575.0,580.45,575.0,580.45,23
2026-07-28T09:52:00+05:30,574.25,580.45,565.45,580.45,50
2026-07-28T09:53:00+05:30,569.0,573.4,565.0,569.4,60
2026-07-28T09:54:00+05:30,569.45,578.0,569.4,578.0,56
2026-07-28T09:55:00+05:30,572.8,573.65,570.0,573.65,4
2026-07-28T09:56:00+05:30,576.15,581.45,576.15,581.45,3
2026-07-28T09:57:00+05:30,577.95,577.95,570.0,570.0,3
2026-07-28T09:58:00+05:30,573.0,574.6,571.6,574.6,9
2026-07-28T09:59:00+05:30,574.0,574.0,574.0,574.0,1
2026-07-28T10:00:00+05:30,570.05,570.05,570.0,570.0,21
2026-07-28T10:01:00+05:30,572.0,572.0,572.0,572.0,2
2026-07-28T10:02:00+05:30,572.0,572.0,572.0,572.0,4
2026-07-28T10:03:00+05:30,568.7,573.45,568.7,573.45,2
2026-07-28T10:04:00+05:30,572.8,575.0,570.95,575.0,5
2026-07-28T10:05:00+05:30,565.4,568.0,565.4,567.95,5
2026-07-28T10:06:00+05:30,573.9,573.9,573.9,573.9,1
2026-07-28T10:07:00+05:30,571.0,575.3,571.0,575.3,3
2026-07-28T10:08:00+05:30,577.3,577.3,577.3,577.3,1
2026-07-28T10:09:00+05:30,575.0,575.0,575.0,575.0,1
2026-07-28T10:10:00+05:30,569.7,576.75,568.5,576.75,11
2026-07-28T10:11:00+05:30,580.0,580.0,580.0,580.0,1
2026-07-28T10:12:00+05:30,577.95,585.9,577.95,585.9,4
2026-07-28T10:13:00+05:30,586.8,586.8,586.15,586.55,4
2026-07-28T10:14:00+05:30,585.0,585.0,584.65,584.65,2
2026-07-28T10:15:00+05:30,591.0,591.0,591.0,591.0,1
2026-07-28T10:16:00+05:30,597.1,601.75,597.1,597.4,4
2026-07-28T10:17:00+05:30,597.45,602.95,597.45,602.95,5
2026-07-28T10:18:00+05:30,595.7,595.7,595.7,595.7,1
2026-07-28T10:19:00+05:30,595.35,599.35,595.35,599.35,2
2026-07-28T10:20:00+05:30,596.3,596.3,596.3,596.3,1
2026-07-28T10:22:00+05:30,590.05,590.05,586.75,586.75,5
2026-07-28T10:23:00+05:30,587.55,587.55,587.3,587.3,2
2026-07-28T10:25:00+05:30,595.0,595.0,595.0,595.0,1
2026-07-28T10:26:00+05:30,601.0,601.0,601.0,601.0,5
2026-07-28T10:27:00+05:30,599.7,599.7,589.1,589.1,2
2026-07-28T10:28:00+05:30,589.85,593.9,589.7,593.9,6
2026-07-28T10:29:00+05:30,588.0,589.95,578.2,582.0,34
2026-07-28T10:30:00+05:30,580.15,582.25,580.1,582.25,12
2026-07-28T10:31:00+05:30,596.75,596.75,593.45,593.55,8
2026-07-28T10:32:00+05:30,600.0,600.0,600.0,600.0,3
2026-07-28T10:33:00+05:30,601.1,601.1,601.1,601.1,1
2026-07-28T10:34:00+05:30,599.05,605.0,598.7,605.0,7
2026-07-28T10:35:00+05:30,597.0,597.0,597.0,597.0,2
2026-07-28T10:36:00+05:30,599.55,599.9,599.55,599.9,2
2026-07-28T10:39:00+05:30,613.95,613.95,606.8,611.0,7
2026-07-28T10:41:00+05:30,610.95,610.95,610.95,610.95,2
2026-07-28T10:42:00+05:30,606.9,614.75,606.9,614.75,10
2026-07-28T10:43:00+05:30,618.45,618.45,618.0,618.0,2
2026-07-28T10:44:00+05:30,620.85,620.85,620.85,620.85,1
2026-07-28T10:46:00+05:30,620.8,620.8,615.0,615.0,5
2026-07-28T10:48:00+05:30,615.9,617.0,615.9,617.0,6
2026-07-28T10:49:00+05:30,618.35,618.35,618.35,618.35,1
2026-07-28T10:50:00+05:30,616.65,616.65,616.1,616.1,5
2026-07-28T10:51:00+05:30,621.95,621.95,616.1,616.1,2
2026-07-28T10:52:00+05:30,617.9,617.9,612.0,612.0,13
2026-07-28T10:57:00+05:30,609.0,611.2,608.5,611.2,6
2026-07-28T10:58:00+05:30,610.05,613.85,610.05,613.85,3
2026-07-28T11:00:00+05:30,600.0,600.0,600.0,600.0,1
2026-07-28T11:02:00+05:30,597.9,597.9,597.9,597.9,1
2026-07-28T11:04:00+05:30,609.0,613.8,609.0,613.8,4
2026-07-28T11:06:00+05:30,600.05,600.05,600.05,600.05,3
2026-07-28T11:09:00+05:30,613.65,613.65,613.65,613.65,1
2026-07-28T11:10:00+05:30,613.8,613.8,608.9,608.9,2
2026-07-28T11:11:00+05:30,608.9,610.95,608.9,610.95,2
2026-07-28T11:12:00+05:30,605.05,605.05,605.05,605.05,1
2026-07-28T11:14:00+05:30,606.0,610.0,606.0,610.0,2
2026-07-28T11:15:00+05:30,609.95,610.0,609.95,610.0,3
2026-07-28T11:17:00+05:30,609.95,615.0,609.95,615.0,11
2026-07-28T11:18:00+05:30,623.2,623.2,623.2,623.2,1
2026-07-28T11:22:00+05:30,610.8,610.8,610.8,610.8,1
2026-07-28T11:24:00+05:30,609.05,611.15,609.0,611.15,7
2026-07-28T11:26:00+05:30,609.05,609.05,609.0,609.0,7
2026-07-28T11:32:00+05:30,609.0,609.0,609.0,609.0,1
2026-07-28T11:38:00+05:30,610.0,610.0,610.0,610.0,2
2026-07-28T11:41:00+05:30,618.2,618.2,618.2,618.2,1
2026-07-28T11:42:00+05:30,623.25,623.25,623.25,623.25,2
2026-07-28T11:43:00+05:30,623.3,628.5,623.3,628.5,4
2026-07-28T11:44:00+05:30,628.5,630.45,626.0,626.0,6
2026-07-28T11:45:00+05:30,630.4,630.4,625.95,625.95,65
2026-07-28T11:48:00+05:30,626.0,626.0,625.95,625.95,2
2026-07-28T11:50:00+05:30,618.25,618.25,613.6,613.6,4
2026-07-28T11:52:00+05:30,600.05,600.05,595.45,595.45,28
2026-07-28T11:53:00+05:30,599.95,599.95,599.95,599.95,1
2026-07-28T11:54:00+05:30,595.9,595.95,595.9,595.95,4
2026-07-28T11:55:00+05:30,600.75,600.75,600.75,600.75,2
2026-07-28T11:56:00+05:30,595.0,595.0,595.0,595.0,5
2026-07-28T11:57:00+05:30,595.05,595.05,595.05,595.05,2
2026-07-28T11:59:00+05:30,596.75,596.75,596.75,596.75,1
2026-07-28T12:00:00+05:30,595.05,595.05,595.0,595.0,23
2026-07-28T12:02:00+05:30,593.4,593.4,593.4,593.4,1
2026-07-28T12:04:00+05:30,600.85,600.85,597.6,597.6,3
2026-07-28T12:06:00+05:30,601.0,601.0,601.0,601.0,1
2026-07-28T12:07:00+05:30,598.0,598.0,598.0,598.0,2
2026-07-28T12:08:00+05:30,598.1,601.0,598.0,601.0,23
2026-07-28T12:09:00+05:30,604.65,604.65,604.65,604.65,1
2026-07-28T12:10:00+05:30,601.95,601.95,601.9,601.9,2
2026-07-28T12:11:00+05:30,601.0,601.0,601.0,601.0,2
2026-07-28T12:14:00+05:30,601.0,601.0,601.0,601.0,3
2026-07-28T12:17:00+05:30,597.0,597.0,597.0,597.0,14
2026-07-28T12:18:00+05:30,590.0,590.0,587.5,587.5,4
2026-07-28T12:19:00+05:30,590.9,590.9,590.9,590.9,2
2026-07-28T12:20:00+05:30,590.9,590.9,590.55,590.55,2
2026-07-28T12:21:00+05:30,585.05,593.65,584.15,584.15,31
2026-07-28T12:22:00+05:30,586.75,586.75,586.75,586.75,2
2026-07-28T12:23:00+05:30,589.6,591.7,588.35,591.7,5
2026-07-28T12:24:00+05:30,589.9,589.9,586.8,586.8,2
2026-07-28T12:27:00+05:30,592.0,592.0,592.0,592.0,1
2026-07-28T12:29:00+05:30,601.35,601.35,601.35,601.35,1
2026-07-28T12:30:00+05:30,601.35,601.35,601.35,601.35,1
2026-07-28T12:33:00+05:30,596.4,596.4,596.4,596.4,1
2026-07-28T12:34:00+05:30,592.0,594.0,589.95,589.95,10
2026-07-28T12:35:00+05:30,592.75,592.9,587.2,587.2,6
2026-07-28T12:36:00+05:30,590.7,590.8,587.25,587.6,10
2026-07-28T12:37:00+05:30,590.0,590.0,590.0,590.0,1
2026-07-28T12:38:00+05:30,590.0,590.0,590.0,590.0,1
2026-07-28T12:40:00+05:30,580.65,580.65,580.6,580.6,3
2026-07-28T12:41:00+05:30,581.0,581.0,581.0,581.0,1
2026-07-28T12:42:00+05:30,580.6,580.6,580.0,580.0,22
2026-07-28T12:43:00+05:30,580.0,580.0,580.0,580.0,2
2026-07-28T12:45:00+05:30,576.75,576.75,576.75,576.75,1
2026-07-28T12:46:00+05:30,575.1,575.1,575.1,575.1,1
2026-07-28T12:47:00+05:30,578.0,578.0,578.0,578.0,1
2026-07-28T12:48:00+05:30,570.0,570.0,570.0,570.0,4
2026-07-28T12:49:00+05:30,568.35,571.3,568.35,571.3,10
2026-07-28T12:51:00+05:30,571.3,571.45,571.3,571.45,3
2026-07-28T12:53:00+05:30,571.45,571.5,571.45,571.45,43
2026-07-28T12:54:00+05:30,570.9,570.9,570.9,570.9,1
2026-07-28T12:55:00+05:30,574.55,574.55,574.55,574.55,1
2026-07-28T12:56:00+05:30,571.5,571.5,571.5,571.5,1
2026-07-28T12:57:00+05:30,574.45,576.2,570.0,570.15,17
2026-07-28T12:58:00+05:30,565.9,566.15,555.0,555.0,12
2026-07-28T12:59:00+05:30,556.05,558.25,553.95,558.25,10
2026-07-28T13:00:00+05:30,556.95,556.95,555.55,556.0,18
2026-07-28T13:01:00+05:30,561.7,561.7,561.7,561.7,1
2026-07-28T13:02:00+05:30,562.2,562.25,560.8,560.8,3
2026-07-28T13:04:00+05:30,563.55,563.55,563.55,563.55,1
2026-07-28T13:05:00+05:30,564.9,564.9,561.75,561.75,9
2026-07-28T13:06:00+05:30,562.0,562.0,560.4,560.4,3
2026-07-28T13:07:00+05:30,560.4,560.4,560.4,560.4,40
2026-07-28T13:08:00+05:30,564.15,564.15,561.05,561.05,8
2026-07-28T13:09:00+05:30,561.0,561.0,561.0,561.0,1
2026-07-28T13:10:00+05:30,561.0,561.0,558.0,558.0,25
2026-07-28T13:12:00+05:30,550.2,554.1,550.2,554.1,4
2026-07-28T13:13:00+05:30,554.0,555.0,554.0,555.0,77
2026-07-28T13:14:00+05:30,551.15,554.05,551.15,554.05,3
2026-07-28T13:15:00+05:30,550.15,550.15,548.1,548.1,8
2026-07-28T13:16:00+05:30,544.4,544.4,537.1,538.0,7
2026-07-28T13:17:00+05:30,542.05,548.15,542.05,545.75,12
2026-07-28T13:18:00+05:30,546.45,548.85,546.45,548.85,4
2026-07-28T13:19:00+05:30,546.0,546.9,545.9,546.0,8
2026-07-28T13:20:00+05:30,542.55,542.55,542.55,542.55,1
2026-07-28T13:21:00+05:30,543.55,547.65,543.55,547.65,2
2026-07-28T13:22:00+05:30,545.2,552.85,545.2,552.85,3
2026-07-28T13:23:00+05:30,553.05,553.85,553.0,553.85,14
2026-07-28T13:26:00+05:30,545.1,545.1,545.1,545.1,1
2026-07-28T13:27:00+05:30,544.15,547.1,544.15,547.1,3
2026-07-28T13:28:00+05:30,549.35,549.35,545.95,547.8,5
2026-07-28T13:31:00+05:30,546.6,547.6,546.6,547.6,3
2026-07-28T13:33:00+05:30,547.15,548.25,547.15,548.25,6
2026-07-28T13:34:00+05:30,545.0,545.0,545.0,545.0,1
2026-07-28T13:35:00+05:30,550.85,550.9,549.9,549.95,4
2026-07-28T13:36:00+05:30,551.15,554.5,551.15,553.75,10
2026-07-28T13:37:00+05:30,553.35,553.85,538.9,546.0,40
2026-07-28T13:38:00+05:30,541.55,545.1,541.55,545.1,7
2026-07-28T13:39:00+05:30,546.85,546.85,544.1,544.1,2
2026-07-28T13:40:00+05:30,546.1,546.1,546.1,546.1,1
2026-07-28T13:42:00+05:30,543.05,545.0,541.95,545.0,25
2026-07-28T13:43:00+05:30,545.75,545.75,545.75,545.75,2
2026-07-28T13:44:00+05:30,546.25,548.95,545.05,548.95,9
2026-07-28T13:46:00+05:30,546.2,546.2,546.15,546.15,3
2026-07-28T13:47:00+05:30,545.95,545.95,545.95,545.95,1
2026-07-28T13:48:00+05:30,543.6,545.0,543.6,545.0,2
2026-07-28T13:50:00+05:30,547.55,547.55,547.55,547.55,2
2026-07-28T13:51:00+05:30,556.4,565.2,556.4,557.15,4
2026-07-28T13:52:00+05:30,559.8,559.8,558.4,558.4,3
2026-07-28T13:53:00+05:30,549.75,549.75,545.15,548.05,7
2026-07-28T13:54:00+05:30,545.1,550.0,544.0,544.0,74
2026-07-28T13:55:00+05:30,544.0,544.7,543.95,543.95,4
2026-07-28T13:56:00+05:30,551.55,551.55,548.65,550.95,5
2026-07-28T13:57:00+05:30,550.95,551.0,550.9,551.0,66
2026-07-28T13:58:00+05:30,549.5,551.8,548.8,551.15,12
2026-07-28T13:59:00+05:30,548.8,551.35,548.75,551.3,9
2026-07-28T14:00:00+05:30,553.0,554.25,552.45,554.25,16
2026-07-28T14:02:00+05:30,557.65,560.85,556.85,557.3,18
2026-07-28T14:03:00+05:30,559.65,560.0,554.35,555.55,6
2026-07-28T14:04:00+05:30,551.4,556.35,551.4,555.85,8
2026-07-28T14:05:00+05:30,555.1,557.75,554.45,557.75,5
2026-07-28T14:06:00+05:30,555.0,555.0,554.0,554.0,2
2026-07-28T14:07:00+05:30,554.45,554.45,554.0,554.0,5
2026-07-28T14:09:00+05:30,554.9,555.95,554.0,554.0,10
2026-07-28T14:10:00+05:30,550.0,554.45,550.0,554.45,3
2026-07-28T14:11:00+05:30,548.7,548.7,548.6,548.6,3
2026-07-28T14:12:00+05:30,548.6,548.6,548.6,548.6,1
2026-07-28T14:13:00+05:30,548.5,548.5,548.5,548.5,1
2026-07-28T14:15:00+05:30,549.5,551.45,549.5,551.45,2
2026-07-28T14:17:00+05:30,547.0,548.85,545.9,545.9,6
2026-07-28T14:19:00+05:30,548.25,548.25,546.9,546.9,3
2026-07-28T14:21:00+05:30,548.0,550.7,547.65,549.0,14
2026-07-28T14:23:00+05:30,547.2,547.2,545.75,545.75,2
2026-07-28T14:24:00+05:30,545.75,545.75,545.75,545.75,1
2026-07-28T14:27:00+05:30,548.0,548.0,547.0,547.0,5
2026-07-28T14:30:00+05:30,542.1,542.1,540.8,540.8,3
2026-07-28T14:31:00+05:30,540.0,540.75,538.6,538.9,8
2026-07-28T14:32:00+05:30,538.75,540.3,537.3,540.3,9
2026-07-28T14:34:00+05:30,541.4,541.4,538.25,538.75,8
2026-07-28T14:35:00+05:30,540.95,541.65,540.95,541.65,4
2026-07-28T14:36:00+05:30,549.8,549.8,545.1,545.1,12
2026-07-28T14:37:00+05:30,548.0,551.45,547.2,547.45,6
2026-07-28T14:38:00+05:30,547.45,547.45,547.45,547.45,1
2026-07-28T14:40:00+05:30,548.0,548.05,548.0,548.05,3
2026-07-28T14:41:00+05:30,554.25,554.25,552.25,552.7,6
2026-07-28T14:42:00+05:30,552.7,552.7,552.7,552.7,1
2026-07-28T14:43:00+05:30,552.85,552.85,550.0,550.0,3
2026-07-28T14:45:00+05:30,550.0,550.0,550.0,550.0,1
2026-07-28T14:46:00+05:30,548.15,548.65,548.15,548.65,3
2026-07-28T14:47:00+05:30,548.05,548.05,548.05,548.05,1
2026-07-28T14:48:00+05:30,548.05,549.75,547.7,547.7,5
2026-07-28T14:49:00+05:30,548.45,548.45,548.45,548.45,1
2026-07-28T14:50:00+05:30,545.2,545.2,541.05,543.75,30
2026-07-28T14:51:00+05:30,548.0,548.9,548.0,548.9,3
2026-07-28T14:52:00+05:30,548.0,548.0,548.0,548.0,1
2026-07-28T14:54:00+05:30,550.0,550.0,550.0,550.0,1
2026-07-28T14:55:00+05:30,550.0,550.0,549.2,550.0,9
2026-07-28T14:56:00+05:30,550.7,552.0,548.5,548.5,13
2026-07-28T14:57:00+05:30,544.05,546.7,543.5,543.5,10
2026-07-28T14:58:00+05:30,544.7,546.15,544.7,546.15,5
2026-07-28T15:00:00+05:30,542.7,542.7,529.4,530.0,26
2026-07-28T15:01:00+05:30,524.0,525.45,521.0,525.45,5
2026-07-28T15:02:00+05:30,525.45,530.45,525.45,526.2,24
2026-07-28T15:03:00+05:30,526.2,529.95,519.0,525.45,18
2026-07-28T15:04:00+05:30,523.0,528.35,522.0,528.35,16
2026-07-28T15:05:00+05:30,525.2,527.0,524.7,524.75,10
2026-07-28T15:06:00+05:30,526.15,529.0,526.15,529.0,14
2026-07-28T15:07:00+05:30,529.2,529.2,524.7,524.7,26
2026-07-28T15:08:00+05:30,524.0,528.05,523.7,528.05,8
2026-07-28T15:09:00+05:30,528.05,528.05,527.1,527.1,7
2026-07-28T15:10:00+05:30,528.0,528.0,527.05,527.05,7
2026-07-28T15:11:00+05:30,526.4,526.75,525.7,526.75,56
2026-07-28T15:12:00+05:30,525.75,525.8,525.75,525.8,2
2026-07-28T15:13:00+05:30,526.0,526.55,526.0,526.55,2
2026-07-28T15:14:00+05:30,526.55,526.55,526.55,526.55,1
2026-07-28T15:15:00+05:30,523.2,527.2,523.2,524.75,83
2026-07-28T15:16:00+05:30,524.05,526.0,524.05,524.6,23
2026-07-28T15:17:00+05:30,526.7,526.7,524.15,524.55,6
2026-07-28T15:18:00+05:30,527.2,537.8,527.15,537.4,27
2026-07-28T15:19:00+05:30,537.2,543.35,537.2,542.55,17
2026-07-28T15:20:00+05:30,540.8,548.35,540.8,545.25,20
2026-07-28T15:21:00+05:30,548.3,550.0,545.9,549.7,11
2026-07-28T15:22:00+05:30,549.15,549.15,545.3,548.3,4
2026-07-28T15:23:00+05:30,545.05,547.9,539.4,544.35,44
2026-07-28T15:24:00+05:30,544.8,545.85,543.0,543.0,12
2026-07-28T15:25:00+05:30,543.0,544.55,541.5,544.55,7
2026-07-28T15:26:00+05:30,543.95,551.8,542.05,548.65,40
2026-07-28T15:27:00+05:30,551.8,551.8,547.4,547.4,10
2026-07-28T15:28:00+05:30,547.2,551.45,546.6,551.35,9
2026-07-28T15:29:00+05:30,547.65,554.5,546.05,554.5,26
2026-07-29T09:15:00+05:30,590.05,621.45,590.05,613.45,196
2026-07-29T09:16:00+05:30,614.25,624.95,608.35,618.55,331
2026-07-29T09:17:00+05:30,618.25,619.3,604.7,611.65,240
2026-07-29T09:18:00+05:30,612.15,615.5,605.05,608.2,161
2026-07-29T09:19:00+05:30,610.9,614.8,600.0,607.0,105
2026-07-29T09:20:00+05:30,610.9,619.25,608.35,613.6,109
2026-07-29T09:21:00+05:30,617.1,620.25,597.9,600.25,100
2026-07-29T09:22:00+05:30,599.45,604.65,585.0,585.6,127
2026-07-29T09:23:00+05:30,585.45,593.65,581.65,586.8,91
2026-07-29T09:24:00+05:30,589.5,600.45,588.5,600.45,18
2026-07-29T09:25:00+05:30,602.0,613.15,602.0,608.25,51
2026-07-29T09:26:00+05:30,601.6,607.8,600.0,607.8,21
2026-07-29T09:27:00+05:30,610.0,617.95,605.95,605.95,102
2026-07-29T09:28:00+05:30,608.75,610.3,605.0,605.75,39
2026-07-29T09:29:00+05:30,605.25,607.0,596.9,599.35,38
2026-07-29T09:30:00+05:30,602.0,607.95,598.0,605.75,33
2026-07-29T09:31:00+05:30,603.05,603.05,591.0,597.25,66
2026-07-29T09:32:00+05:30,598.0,610.0,598.0,608.75,40
2026-07-29T09:33:00+05:30,610.0,611.2,603.55,604.55,120
2026-07-29T09:34:00+05:30,603.3,604.85,600.0,604.85,26
2026-07-29T09:35:00+05:30,604.8,606.65,597.25,597.25,13
2026-07-29T09:36:00+05:30,597.4,598.5,586.2,589.2,65
2026-07-29T09:37:00+05:30,591.15,606.0,585.0,604.0,31
2026-07-29T09:38:00+05:30,603.95,605.8,599.85,599.85,38
2026-07-29T09:39:00+05:30,600.55,612.3,600.5,612.3,34
2026-07-29T09:40:00+05:30,610.5,618.0,603.95,607.6,55
2026-07-29T09:41:00+05:30,612.0,612.0,600.0,603.9,49
2026-07-29T09:42:00+05:30,608.65,608.65,600.0,601.15,29
2026-07-29T09:43:00+05:30,603.9,613.7,602.75,612.95,17
2026-07-29T09:44:00+05:30,614.45,618.95,613.1,618.75,35
2026-07-29T09:45:00+05:30,619.0,619.0,610.8,616.4,145
2026-07-29T09:46:00+05:30,614.7,616.6,609.75,615.25,29
2026-07-29T09:47:00+05:30,617.1,617.7,606.4,606.4,11
2026-07-29T09:48:00+05:30,607.75,610.3,606.4,608.25,11
2026-07-29T09:49:00+05:30,605.0,613.45,600.8,613.45,31
2026-07-29T09:50:00+05:30,615.95,616.0,601.8,603.1,27
2026-07-29T09:51:00+05:30,604.45,605.65,596.7,598.15,17
2026-07-29T09:52:00+05:30,595.2,598.6,592.85,596.0,22
2026-07-29T09:53:00+05:30,596.55,607.15,596.05,607.15,26
2026-07-29T09:54:00+05:30,605.85,605.85,604.0,605.55,11
2026-07-29T09:55:00+05:30,604.65,606.75,598.3,603.7,20
2026-07-29T09:56:00+05:30,603.05,604.65,599.5,599.5,10
2026-07-29T09:57:00+05:30,602.95,612.0,602.95,609.4,19
2026-07-29T09:58:00+05:30,606.9,610.3,602.4,602.4,17
2026-07-29T09:59:00+05:30,604.2,609.2,603.25,607.65,5
2026-07-29T10:00:00+05:30,607.0,617.0,607.0,616.25,58
2026-07-29T10:01:00+05:30,616.25,627.5,616.25,627.3,274
2026-07-29T10:02:00+05:30,626.45,627.55,619.2,621.4,72
2026-07-29T10:03:00+05:30,619.25,621.6,617.0,619.45,19
2026-07-29T10:04:00+05:30,619.95,621.6,618.05,619.55,40
2026-07-29T10:05:00+05:30,621.0,623.9,620.1,623.7,10
2026-07-29T10:06:00+05:30,623.15,629.9,622.4,625.25,56
2026-07-29T10:07:00+05:30,627.1,634.3,625.75,631.55,105
2026-07-29T10:08:00+05:30,633.4,645.0,631.65,642.9,93
2026-07-29T10:09:00+05:30,644.9,645.0,636.05,637.9,25
2026-07-29T10:10:00+05:30,640.0,642.5,636.0,642.5,62
2026-07-29T10:11:00+05:30,641.9,646.5,639.65,643.2,68
2026-07-29T10:12:00+05:30,642.6,645.0,640.35,643.55,17
2026-07-29T10:13:00+05:30,644.4,644.4,641.35,641.85,22
2026-07-29T10:14:00+05:30,642.35,642.35,638.45,642.0,27
2026-07-29T10:15:00+05:30,641.4,645.0,636.55,645.0,19
2026-07-29T10:16:00+05:30,645.0,648.6,641.65,645.0,14
2026-07-29T10:17:00+05:30,645.0,645.0,636.55,636.6,15
2026-07-29T10:18:00+05:30,636.55,636.55,631.1,635.85,42
2026-07-29T10:19:00+05:30,635.1,635.15,628.1,628.4,26
2026-07-29T10:20:00+05:30,629.15,630.6,626.5,630.6,10
2026-07-29T10:21:00+05:30,635.0,638.1,635.0,637.95,10
2026-07-29T10:22:00+05:30,635.35,637.85,629.65,629.65,9
2026-07-29T10:23:00+05:30,629.65,629.65,622.2,622.2,31
2026-07-29T10:24:00+05:30,620.0,628.95,619.9,627.25,16
2026-07-29T10:25:00+05:30,629.5,633.8,628.2,632.7,8
2026-07-29T10:26:00+05:30,633.25,633.25,632.0,632.0,6
2026-07-29T10:27:00+05:30,633.85,633.85,630.0,630.0,11
2026-07-29T10:28:00+05:30,629.45,629.45,625.55,626.75,4
2026-07-29T10:29:00+05:30,625.2,625.2,610.8,611.1,67
2026-07-29T10:30:00+05:30,616.65,617.0,607.5,607.5,14
2026-07-29T10:31:00+05:30,604.25,609.25,604.15,609.25,23
2026-07-29T10:32:00+05:30,613.0,615.25,611.8,612.5,21
2026-07-29T10:33:00+05:30,616.15,622.05,615.8,618.45,13
2026-07-29T10:34:00+05:30,617.8,619.3,616.8,618.6,17
2026-07-29T10:35:00+05:30,620.15,620.15,610.2,612.95,14
2026-07-29T10:36:00+05:30,613.35,617.05,613.35,617.0,5
2026-07-29T10:37:00+05:30,612.0,617.85,612.0,617.15,9
2026-07-29T10:38:00+05:30,619.0,619.0,619.0,619.0,2
2026-07-29T10:39:00+05:30,619.25,619.25,618.25,618.25,3
2026-07-29T10:40:00+05:30,620.0,622.5,619.5,619.5,9
2026-07-29T10:41:00+05:30,619.3,619.3,619.3,619.3,1
2026-07-29T10:42:00+05:30,620.3,620.3,614.0,614.0,18
2026-07-29T10:43:00+05:30,617.15,621.0,617.05,621.0,4
2026-07-29T10:44:00+05:30,621.05,621.05,621.05,621.05,1
2026-07-29T10:45:00+05:30,622.7,624.2,616.0,616.0,10
2026-07-29T10:46:00+05:30,615.75,615.75,610.0,610.45,23
2026-07-29T10:47:00+05:30,609.05,609.05,598.35,599.9,49
2026-07-29T10:48:00+05:30,601.6,601.6,590.9,598.9,40
2026-07-29T10:49:00+05:30,601.65,602.5,596.85,602.5,18
2026-07-29T10:50:00+05:30,603.2,604.3,599.2,604.3,7
2026-07-29T10:51:00+05:30,605.0,605.65,601.9,603.45,17
2026-07-29T10:52:00+05:30,605.15,606.1,596.95,603.55,8
2026-07-29T10:53:00+05:30,602.55,602.55,601.25,601.55,9
2026-07-29T10:54:00+05:30,605.0,606.8,604.05,606.15,9
2026-07-29T10:55:00+05:30,602.75,609.0,601.55,601.55,19
2026-07-29T10:56:00+05:30,600.5,600.5,598.9,598.9,7
2026-07-29T10:57:00+05:30,601.0,603.0,600.95,602.0,7
2026-07-29T10:58:00+05:30,601.5,603.5,601.3,603.5,8
2026-07-29T10:59:00+05:30,605.65,606.55,602.95,606.55,6
2026-07-29T11:00:00+05:30,606.4,606.4,598.9,602.55,24
2026-07-29T11:01:00+05:30,604.35,606.5,602.05,606.5,16
2026-07-29T11:02:00+05:30,607.35,610.0,606.5,609.7,8
2026-07-29T11:03:00+05:30,609.95,615.0,609.95,613.1,11
2026-07-29T11:04:00+05:30,615.0,618.9,613.6,618.15,13
2026-07-29T11:05:00+05:30,618.9,618.9,613.2,616.65,5
2026-07-29T11:06:00+05:30,617.2,625.85,617.0,624.3,34
2026-07-29T11:07:00+05:30,624.25,628.85,624.0,624.0,17
2026-07-29T11:08:00+05:30,625.8,631.5,625.55,629.8,36
2026-07-29T11:09:00+05:30,631.2,631.5,629.45,630.5,22
2026-07-29T11:10:00+05:30,630.7,630.7,627.95,627.95,6
2026-07-29T11:11:00+05:30,626.45,626.7,617.65,624.1,21
2026-07-29T11:12:00+05:30,621.9,623.85,621.7,621.7,11
2026-07-29T11:13:00+05:30,626.95,628.8,625.15,627.95,8
2026-07-29T11:14:00+05:30,626.45,626.45,620.85,620.85,2
2026-07-29T11:15:00+05:30,618.25,618.25,608.3,614.15,65
2026-07-29T11:16:00+05:30,613.45,615.25,605.5,605.75,19
2026-07-29T11:17:00+05:30,609.05,611.9,605.65,608.15,11
2026-07-29T11:18:00+05:30,607.7,610.1,605.45,610.1,16
2026-07-29T11:19:00+05:30,610.55,615.7,607.6,607.6,8
2026-07-29T11:20:00+05:30,607.25,609.0,603.0,609.0,8
2026-07-29T11:21:00+05:30,607.95,609.05,607.95,609.05,4
2026-07-29T11:22:00+05:30,607.2,609.95,607.15,609.95,5
2026-07-29T11:23:00+05:30,615.15,615.15,614.95,614.95,3
2026-07-29T11:24:00+05:30,617.95,619.55,615.3,618.6,10
2026-07-29T11:25:00+05:30,615.6,617.45,615.35,615.35,7
2026-07-29T11:26:00+05:30,613.95,613.95,613.95,613.95,1
2026-07-29T11:27:00+05:30,616.65,617.65,616.4,616.4,4
2026-07-29T11:28:00+05:30,613.2,613.2,613.2,613.2,2
2026-07-29T11:29:00+05:30,613.2,616.7,613.2,614.9,6
2026-07-29T11:30:00+05:30,610.0,611.45,605.0,608.55,44
2026-07-29T11:31:00+05:30,608.55,608.55,601.0,603.3,20
2026-07-29T11:32:00+05:30,607.3,612.45,606.3,610.85,14
2026-07-29T11:33:00+05:30,610.0,612.35,606.3,611.1,10
2026-07-29T11:34:00+05:30,610.95,610.95,605.55,605.55,2
2026-07-29T11:36:00+05:30,605.0,610.6,601.0,610.6,9
2026-07-29T11:37:00+05:30,610.5,611.95,610.5,610.65,3
2026-07-29T11:38:00+05:30,608.35,612.9,608.35,612.2,17
2026-07-29T11:39:00+05:30,611.8,614.95,611.8,611.95,5
2026-07-29T11:41:00+05:30,614.6,615.5,614.6,615.5,5
2026-07-29T11:42:00+05:30,615.5,615.5,613.8,614.15,8
2026-07-29T11:43:00+05:30,612.8,615.8,612.8,615.75,8
2026-07-29T11:44:00+05:30,617.45,622.95,617.45,620.1,29
2026-07-29T11:45:00+05:30,618.7,624.55,618.55,622.55,37
2026-07-29T11:46:00+05:30,622.65,625.0,622.5,624.4,20
2026-07-29T11:47:00+05:30,623.1,625.0,620.45,624.4,22
2026-07-29T11:48:00+05:30,624.65,624.65,620.9,620.9,18
2026-07-29T11:49:00+05:30,622.3,628.15,613.8,613.8,41
2026-07-29T11:50:00+05:30,614.15,614.15,614.15,614.15,1
2026-07-29T11:51:00+05:30,614.3,615.05,614.3,615.0,16
2026-07-29T11:52:00+05:30,616.0,616.75,612.75,612.85,52
2026-07-29T11:53:00+05:30,614.75,617.25,614.4,615.3,13
2026-07-29T11:54:00+05:30,616.7,618.0,615.7,617.7,10
2026-07-29T11:55:00+05:30,619.7,619.9,618.3,619.9,3
2026-07-29T11:56:00+05:30,621.45,621.45,621.45,621.45,2
2026-07-29T11:57:00+05:30,620.0,620.0,619.95,620.0,5
2026-07-29T11:58:00+05:30,620.0,624.45,619.6,624.35,10
2026-07-29T11:59:00+05:30,625.75,626.75,623.4,624.05,14
2026-07-29T12:01:00+05:30,622.4,622.45,620.35,620.35,4
2026-07-29T12:02:00+05:30,618.7,631.65,618.7,631.65,8
2026-07-29T12:03:00+05:30,631.75,632.85,629.25,630.9,29
2026-07-29T12:04:00+05:30,633.0,633.0,627.35,629.0,6
2026-07-29T12:05:00+05:30,629.05,635.5,629.05,634.3,41
2026-07-29T12:06:00+05:30,634.7,636.2,634.4,634.95,19
2026-07-29T12:07:00+05:30,636.9,639.2,632.05,633.1,27
2026-07-29T12:08:00+05:30,635.0,644.8,635.0,644.6,29
2026-07-29T12:09:00+05:30,644.8,655.7,640.65,654.0,130
2026-07-29T12:10:00+05:30,656.0,657.0,648.8,653.5,97
2026-07-29T12:11:00+05:30,654.5,656.0,652.15,654.7,29
2026-07-29T12:12:00+05:30,655.0,655.0,650.0,651.0,38
2026-07-29T12:13:00+05:30,652.0,653.5,648.5,650.75,34
2026-07-29T12:14:00+05:30,651.85,654.25,651.85,653.45,15
2026-07-29T12:15:00+05:30,654.0,654.0,648.3,648.35,26
2026-07-29T12:16:00+05:30,649.85,652.7,644.0,644.0,63
2026-07-29T12:17:00+05:30,648.1,648.1,635.05,635.05,42
2026-07-29T12:18:00+05:30,636.55,641.6,636.55,639.65,72
2026-07-29T12:19:00+05:30,641.3,641.3,637.1,637.1,10
2026-07-29T12:20:00+05:30,640.25,640.25,636.6,639.6,13
2026-07-29T12:21:00+05:30,638.0,644.1,638.0,644.1,14
2026-07-29T12:22:00+05:30,642.35,644.55,638.75,638.75,26
2026-07-29T12:23:00+05:30,639.65,639.65,637.75,637.75,3
2026-07-29T12:24:00+05:30,639.05,640.25,638.4,638.4,60
2026-07-29T12:25:00+05:30,638.4,638.4,638.4,638.4,1
2026-07-29T12:26:00+05:30,639.95,640.2,633.0,633.0,25
2026-07-29T12:27:00+05:30,632.2,632.2,628.7,629.25,17
2026-07-29T12:28:00+05:30,627.15,630.65,627.15,628.05,22
2026-07-29T12:29:00+05:30,628.05,628.05,626.35,626.35,5
2026-07-29T12:30:00+05:30,634.05,635.1,626.65,629.25,25
2026-07-29T12:31:00+05:30,630.75,632.95,627.05,632.95,8
2026-07-29T12:32:00+05:30,632.35,634.4,632.35,634.1,4
2026-07-29T12:33:00+05:30,633.1,633.1,633.1,633.1,1
2026-07-29T12:34:00+05:30,635.7,635.7,635.7,635.7,1
2026-07-29T12:35:00+05:30,630.45,636.25,630.45,632.35,10
2026-07-29T12:36:00+05:30,634.25,638.0,634.25,636.0,23
2026-07-29T12:37:00+05:30,636.65,639.25,635.25,638.6,36
2026-07-29T12:38:00+05:30,639.9,639.9,639.35,639.35,2
2026-07-29T12:39:00+05:30,640.55,640.55,635.5,636.5,10
2026-07-29T12:40:00+05:30,640.5,640.5,640.5,640.5,1
2026-07-29T12:41:00+05:30,642.1,642.1,640.3,642.0,8
2026-07-29T12:42:00+05:30,637.8,637.8,637.7,637.7,2
2026-07-29T12:43:00+05:30,635.95,635.95,627.75,627.75,8
2026-07-29T12:44:00+05:30,629.05,629.9,628.75,629.3,8
2026-07-29T12:45:00+05:30,629.0,632.0,629.0,630.55,11
2026-07-29T12:46:00+05:30,631.8,632.5,629.25,632.5,30
2026-07-29T12:47:00+05:30,632.5,633.0,630.0,631.15,5
2026-07-29T12:48:00+05:30,626.25,626.55,622.2,622.2,14
2026-07-29T12:49:00+05:30,622.2,622.2,612.2,614.05,16
2026-07-29T12:50:00+05:30,615.7,616.8,615.0,615.7,7
2026-07-29T12:51:00+05:30,615.0,615.0,608.0,608.0,8
2026-07-29T12:52:00+05:30,609.6,615.5,608.05,615.0,12
2026-07-29T12:55:00+05:30,619.75,624.7,619.75,624.7,2
2026-07-29T12:56:00+05:30,624.95,625.55,615.0,617.7,10
2026-07-29T12:57:00+05:30,622.0,622.0,621.45,622.0,4
2026-07-29T12:58:00+05:30,617.0,617.4,617.0,617.4,2
2026-07-29T12:59:00+05:30,615.65,615.65,615.65,615.65,1
2026-07-29T13:00:00+05:30,620.15,620.15,618.8,618.8,2
2026-07-29T13:01:00+05:30,620.6,631.75,620.15,631.75,21
2026-07-29T13:02:00+05:30,629.6,629.6,628.0,628.0,4
2026-07-29T13:03:00+05:30,625.05,625.05,620.0,620.0,10
2026-07-29T13:05:00+05:30,621.55,621.95,614.55,614.55,6
2026-07-29T13:06:00+05:30,620.0,620.0,619.45,619.45,12
2026-07-29T13:07:00+05:30,624.65,625.4,624.65,625.4,2
2026-07-29T13:08:00+05:30,624.15,624.15,621.4,622.3,6
2026-07-29T13:09:00+05:30,626.5,626.5,625.0,625.0,25
2026-07-29T13:10:00+05:30,629.4,635.0,629.4,635.0,10
2026-07-29T13:11:00+05:30,636.0,637.35,635.3,635.3,12
2026-07-29T13:12:00+05:30,636.7,636.7,629.25,636.45,8
2026-07-29T13:13:00+05:30,640.0,641.7,636.0,636.0,17
2026-07-29T13:14:00+05:30,637.75,641.0,637.05,637.05,6
2026-07-29T13:15:00+05:30,631.35,631.6,630.65,631.55,8
2026-07-29T13:16:00+05:30,631.55,631.55,622.2,622.2,16
2026-07-29T13:18:00+05:30,626.7,626.7,626.7,626.7,1
2026-07-29T13:19:00+05:30,631.8,634.25,630.55,632.35,11
2026-07-29T13:20:00+05:30,631.8,631.8,627.1,627.1,8
2026-07-29T13:21:00+05:30,626.25,626.25,626.15,626.15,3
2026-07-29T13:22:00+05:30,627.5,627.5,619.6,619.6,13
2026-07-29T13:23:00+05:30,619.6,619.6,619.6,619.6,1
2026-07-29T13:24:00+05:30,617.95,618.0,613.75,614.5,13
2026-07-29T13:25:00+05:30,614.5,615.3,614.5,615.3,13
2026-07-29T13:26:00+05:30,621.7,621.7,621.7,621.7,2
2026-07-29T13:27:00+05:30,624.3,624.65,621.75,623.2,20
2026-07-29T13:28:00+05:30,622.65,623.6,617.65,617.65,16
2026-07-29T13:29:00+05:30,619.95,619.95,617.0,617.0,11
2026-07-29T13:30:00+05:30,620.35,620.35,620.35,620.35,1
2026-07-29T13:31:00+05:30,623.0,625.35,623.0,625.35,3
2026-07-29T13:32:00+05:30,624.5,626.9,624.3,626.9,8
2026-07-29T13:33:00+05:30,625.95,626.0,619.75,619.75,7
2026-07-29T13:34:00+05:30,619.35,622.15,619.35,622.15,3
2026-07-29T13:36:00+05:30,622.15,622.15,621.2,621.2,2
2026-07-29T13:37:00+05:30,624.7,624.7,624.7,624.7,1
2026-07-29T13:39:00+05:30,620.4,620.4,607.75,614.0,20
2026-07-29T13:40:00+05:30,619.0,619.0,618.9,619.0,6
2026-07-29T13:41:00+05:30,619.0,619.0,618.35,618.35,3
2026-07-29T13:42:00+05:30,614.0,614.0,602.25,602.25,11
2026-07-29T13:43:00+05:30,602.0,605.7,600.4,605.7,17
2026-07-29T13:44:00+05:30,605.7,605.7,594.0,594.7,66
2026-07-29T13:45:00+05:30,595.0,599.8,586.4,599.8,24
2026-07-29T13:46:00+05:30,599.8,607.15,599.8,607.15,15
2026-07-29T13:47:00+05:30,609.7,609.7,609.7,609.7,6
2026-07-29T13:48:00+05:30,611.0,614.8,611.0,613.55,23
2026-07-29T13:49:00+05:30,612.5,612.5,610.85,610.85,7
2026-07-29T13:51:00+05:30,616.7,616.7,614.4,614.4,9
2026-07-29T13:53:00+05:30,615.25,618.8,613.85,618.8,9
2026-07-29T13:54:00+05:30,618.0,618.0,605.75,605.75,16
2026-07-29T13:55:00+05:30,615.05,616.35,615.0,615.05,8
2026-07-29T13:56:00+05:30,616.35,616.35,612.35,612.35,7
2026-07-29T13:57:00+05:30,616.4,616.4,611.3,611.3,5
2026-07-29T13:58:00+05:30,616.0,616.0,615.0,615.15,6
2026-07-29T13:59:00+05:30,609.5,611.3,609.45,610.85,6
2026-07-29T14:00:00+05:30,609.9,615.1,608.55,615.1,5
2026-07-29T14:01:00+05:30,617.0,625.8,617.0,625.1,20
2026-07-29T14:02:00+05:30,625.9,632.0,621.85,629.6,23
2026-07-29T14:03:00+05:30,630.8,632.75,626.5,632.75,14
2026-07-29T14:04:00+05:30,634.5,635.95,631.2,633.7,18
2026-07-29T14:05:00+05:30,630.25,633.9,630.25,633.9,10
2026-07-29T14:06:00+05:30,633.95,634.2,631.0,631.0,10
2026-07-29T14:07:00+05:30,632.35,632.35,627.95,629.4,5
2026-07-29T14:08:00+05:30,633.1,633.1,630.9,630.9,2
2026-07-29T14:09:00+05:30,629.2,630.3,626.55,626.55,10
2026-07-29T14:11:00+05:30,631.4,644.95,631.4,644.95,64
2026-07-29T14:12:00+05:30,643.1,649.8,640.75,646.3,43
2026-07-29T14:13:00+05:30,644.6,645.2,638.0,638.0,29
2026-07-29T14:14:00+05:30,637.95,637.95,637.95,637.95,1
2026-07-29T14:15:00+05:30,637.95,641.0,637.95,641.0,3
2026-07-29T14:16:00+05:30,643.65,648.0,642.85,648.0,19
2026-07-29T14:17:00+05:30,649.25,659.0,647.3,655.65,67
2026-07-29T14:18:00+05:30,658.6,658.7,646.6,646.6,36
2026-07-29T14:19:00+05:30,645.15,654.85,644.25,654.85,23
2026-07-29T14:20:00+05:30,654.85,654.85,652.5,652.7,7
2026-07-29T14:21:00+05:30,651.5,655.0,650.0,654.8,9
2026-07-29T14:22:00+05:30,654.7,661.7,654.3,659.4,19
2026-07-29T14:23:00+05:30,658.5,661.0,647.4,647.4,47
2026-07-29T14:24:00+05:30,647.4,651.3,642.55,651.3,12
2026-07-29T14:25:00+05:30,653.25,653.25,649.45,649.45,18
2026-07-29T14:26:00+05:30,649.85,654.7,647.65,654.7,6
2026-07-29T14:27:00+05:30,649.05,653.6,649.05,650.05,43
2026-07-29T14:28:00+05:30,651.1,652.95,646.7,646.7,22
2026-07-29T14:29:00+05:30,647.65,647.65,642.8,643.1,38
2026-07-29T14:30:00+05:30,641.75,645.0,638.15,645.0,33
2026-07-29T14:31:00+05:30,641.9,646.2,641.3,642.0,23
2026-07-29T14:32:00+05:30,641.35,641.35,632.85,634.45,16
2026-07-29T14:33:00+05:30,630.95,644.25,629.9,638.45,31
2026-07-29T14:34:00+05:30,637.6,637.6,630.55,630.55,11
2026-07-29T14:35:00+05:30,635.8,637.95,634.4,635.05,18
2026-07-29T14:36:00+05:30,639.45,639.45,639.45,639.45,1
2026-07-29T14:37:00+05:30,637.0,637.0,634.3,635.85,9
2026-07-29T14:38:00+05:30,640.05,640.05,636.95,637.05,14
2026-07-29T14:39:00+05:30,637.05,642.65,637.05,640.0,11
2026-07-29T14:40:00+05:30,638.7,638.7,637.05,637.05,2
2026-07-29T14:41:00+05:30,635.1,635.1,631.9,634.65,5
2026-07-29T14:42:00+05:30,641.65,642.75,641.1,642.75,15
2026-07-29T14:43:00+05:30,630.85,630.85,629.6,629.9,5
2026-07-29T14:44:00+05:30,633.05,636.1,633.05,636.1,4
2026-07-29T14:45:00+05:30,635.4,643.0,635.4,643.0,4
2026-07-29T14:46:00+05:30,643.0,645.0,638.65,643.25,14
2026-07-29T14:47:00+05:30,640.75,642.15,638.0,638.0,13
2026-07-29T14:48:00+05:30,644.75,644.75,642.55,642.55,3
2026-07-29T14:49:00+05:30,638.7,638.7,636.8,636.8,4
2026-07-29T14:50:00+05:30,634.2,637.35,632.0,637.0,9
2026-07-29T14:51:00+05:30,642.0,642.55,640.7,640.7,11
2026-07-29T14:52:00+05:30,641.5,643.05,641.5,643.05,4
2026-07-29T14:53:00+05:30,643.4,645.75,643.4,645.75,4
2026-07-29T14:54:00+05:30,643.5,644.8,641.75,641.75,4
2026-07-29T14:55:00+05:30,643.0,648.6,641.7,646.6,18
2026-07-29T14:56:00+05:30,649.45,649.95,647.5,648.5,9
2026-07-29T14:57:00+05:30,648.65,649.65,648.1,648.2,14
2026-07-29T14:58:00+05:30,649.45,649.45,643.95,647.5,11
2026-07-29T14:59:00+05:30,647.35,649.65,643.25,643.4,83
2026-07-29T15:00:00+05:30,647.25,652.7,641.4,641.4,52
2026-07-29T15:01:00+05:30,643.05,643.05,638.15,638.15,5
2026-07-29T15:02:00+05:30,637.2,637.35,624.15,624.15,33
2026-07-29T15:03:00+05:30,624.3,625.8,611.85,613.6,61
2026-07-29T15:04:00+05:30,611.05,611.25,597.3,601.95,57
2026-07-29T15:05:00+05:30,601.8,613.9,601.8,613.85,16
2026-07-29T15:06:00+05:30,615.35,615.75,612.1,613.9,21
2026-07-29T15:07:00+05:30,611.0,611.0,607.5,607.5,4
2026-07-29T15:08:00+05:30,613.1,614.5,611.25,614.5,4
2026-07-29T15:09:00+05:30,613.55,615.6,607.5,615.6,16
2026-07-29T15:10:00+05:30,614.6,614.6,612.6,612.6,3
2026-07-29T15:11:00+05:30,611.8,611.95,611.8,611.95,3
2026-07-29T15:12:00+05:30,611.2,611.2,600.0,603.1,42
2026-07-29T15:13:00+05:30,604.95,606.8,604.1,605.0,12
2026-07-29T15:14:00+05:30,603.55,608.3,603.55,604.2,211
2026-07-29T15:15:00+05:30,604.7,607.75,601.9,601.9,21
2026-07-29T15:16:00+05:30,600.95,602.65,596.2,602.1,22
2026-07-29T15:17:00+05:30,598.85,599.0,597.0,597.0,14
2026-07-29T15:18:00+05:30,596.0,596.55,593.2,593.2,31
2026-07-29T15:19:00+05:30,595.3,596.0,594.0,595.15,7
2026-07-29T15:20:00+05:30,596.25,601.45,596.1,598.3,12
2026-07-29T15:21:00+05:30,599.95,601.45,597.95,601.45,8
2026-07-29T15:22:00+05:30,601.45,601.45,594.35,595.6,23
2026-07-29T15:23:00+05:30,593.5,595.6,592.45,593.85,12
2026-07-29T15:24:00+05:30,593.0,595.9,591.35,591.6,97
2026-07-29T15:25:00+05:30,592.5,594.45,592.4,593.0,10
2026-07-29T15:26:00+05:30,591.95,594.35,591.95,592.35,19
2026-07-29T15:27:00+05:30,591.7,591.7,587.7,588.0,47
2026-07-29T15:28:00+05:30,589.0,596.0,589.0,591.65,55
2026-07-29T15:29:00+05:30,593.0,596.15,589.75,596.0,38
