timestamp,open,high,low,close,volume
2026-03-11T09:15:00+05:30,1425.0,1425.0,1031.2,1053.6,113
2026-03-11T09:16:00+05:30,1088.75,1145.45,1085.05,1142.9,239
2026-03-11T09:17:00+05:30,1158.95,1215.85,1150.0,1195.6,17
2026-03-11T09:18:00+05:30,1199.95,1221.65,1183.8,1202.85,64
2026-03-11T09:19:00+05:30,1239.8,1239.8,1187.6,1217.5,7
2026-03-11T09:20:00+05:30,1220.0,1220.2,1220.0,1220.2,5
2026-03-11T09:21:00+05:30,1224.6,1240.0,1215.6,1221.8,15
2026-03-11T09:22:00+05:30,1200.7,1200.7,1184.85,1184.85,4
2026-03-11T09:23:00+05:30,1171.55,1185.9,1158.25,1158.25,10
2026-03-11T09:24:00+05:30,1139.9,1139.9,1080.35,1080.35,17
2026-03-11T09:25:00+05:30,1088.85,1104.8,1076.7,1078.25,100
2026-03-11T09:26:00+05:30,1070.0,1086.6,1041.4,1086.6,21
2026-03-11T09:27:00+05:30,1082.8,1103.5,1082.8,1103.5,15
2026-03-11T09:28:00+05:30,1088.3,1090.65,1060.8,1068.65,14
2026-03-11T09:29:00+05:30,1069.95,1074.55,1069.95,1074.55,4
2026-03-11T09:30:00+05:30,1064.0,1065.1,1044.95,1050.0,96
2026-03-11T09:31:00+05:30,1050.0,1050.0,1024.5,1030.4,13
2026-03-11T09:32:00+05:30,1029.95,1035.9,999.0,1019.95,22
2026-03-11T09:33:00+05:30,1007.65,1036.2,1006.8,1029.5,19
2026-03-11T09:34:00+05:30,1019.4,1054.2,1019.4,1049.9,12
2026-03-11T09:35:00+05:30,1044.65,1049.9,1018.75,1022.45,28
2026-03-11T09:36:00+05:30,1013.7,1020.55,977.6,979.3,30
2026-03-11T09:37:00+05:30,970.0,980.55,965.0,965.0,26
2026-03-11T09:38:00+05:30,978.75,981.7,962.0,981.7,25
2026-03-11T09:39:00+05:30,980.95,989.0,972.0,980.5,21
2026-03-11T09:40:00+05:30,977.0,977.0,933.85,955.5,34
2026-03-11T09:41:00+05:30,959.9,979.85,959.9,960.0,31
2026-03-11T09:42:00+05:30,965.4,965.4,953.1,959.9,45
2026-03-11T09:43:00+05:30,956.1,978.4,935.25,978.4,31
2026-03-11T09:44:00+05:30,973.65,989.0,966.75,968.45,18
2026-03-11T09:45:00+05:30,970.0,990.0,970.0,990.0,9
2026-03-11T09:46:00+05:30,980.75,980.75,955.7,955.7,15
2026-03-11T09:47:00+05:30,957.2,960.0,950.7,950.7,12
2026-03-11T09:48:00+05:30,960.0,999.85,960.0,980.95,11
2026-03-11T09:49:00+05:30,999.85,1004.15,988.95,995.0,53
2026-03-11T09:50:00+05:30,1000.0,1006.0,986.45,986.45,8
2026-03-11T09:51:00+05:30,986.45,987.7,978.35,979.35,14
2026-03-11T09:52:00+05:30,976.15,979.45,965.85,965.85,12
2026-03-11T09:53:00+05:30,961.65,961.65,895.45,898.95,132
2026-03-11T09:54:00+05:30,906.45,920.3,881.0,881.0,272
2026-03-11T09:55:00+05:30,882.8,917.85,876.75,888.95,102
2026-03-11T09:56:00+05:30,888.05,916.35,885.2,914.25,31
2026-03-11T09:57:00+05:30,918.1,925.0,913.2,918.0,31
2026-03-11T09:58:00+05:30,919.75,930.0,907.8,907.8,27
2026-03-11T09:59:00+05:30,910.0,910.0,892.5,892.5,22
2026-03-11T10:00:00+05:30,894.85,894.9,886.5,887.2,18
2026-03-11T10:01:00+05:30,880.55,890.4,875.0,880.95,40
2026-03-11T10:02:00+05:30,875.0,901.8,856.0,901.8,55
2026-03-11T10:03:00+05:30,906.75,914.2,897.25,905.0,43
2026-03-11T10:04:00+05:30,906.5,916.25,901.9,912.85,43
2026-03-11T10:05:00+05:30,900.0,900.0,884.75,895.0,35
2026-03-11T10:06:00+05:30,899.9,905.0,885.0,885.0,46
2026-03-11T10:07:00+05:30,883.5,893.15,873.2,873.85,15
2026-03-11T10:08:00+05:30,873.05,878.6,851.85,851.85,122
2026-03-11T10:09:00+05:30,849.05,865.0,840.65,845.25,167
2026-03-11T10:10:00+05:30,844.4,866.25,832.35,849.55,159
2026-03-11T10:11:00+05:30,849.05,863.2,849.05,850.05,59
2026-03-11T10:12:00+05:30,849.9,849.9,823.45,839.35,115
2026-03-11T10:13:00+05:30,843.0,854.0,836.5,847.55,59
2026-03-11T10:14:00+05:30,845.65,847.15,837.35,846.05,28
2026-03-11T10:15:00+05:30,839.6,849.1,839.6,848.9,64
2026-03-11T10:16:00+05:30,845.55,845.55,832.0,832.0,36
2026-03-11T10:17:00+05:30,838.9,863.3,838.9,863.3,37
2026-03-11T10:18:00+05:30,860.6,860.6,849.55,849.55,45
2026-03-11T10:19:00+05:30,855.85,858.6,847.0,850.6,64
2026-03-11T10:20:00+05:30,846.85,854.3,803.45,823.15,230
2026-03-11T10:21:00+05:30,833.5,833.5,810.0,820.2,91
2026-03-11T10:22:00+05:30,825.15,829.85,814.5,829.85,69
2026-03-11T10:23:00+05:30,834.2,846.15,834.2,843.0,32
2026-03-11T10:24:00+05:30,842.15,845.8,838.75,841.7,49
2026-03-11T10:25:00+05:30,841.15,841.15,833.15,833.25,26
2026-03-11T10:26:00+05:30,839.3,852.45,839.3,840.0,69
2026-03-11T10:27:00+05:30,844.15,847.4,828.1,828.1,25
2026-03-11T10:28:00+05:30,825.8,835.9,812.0,820.85,112
2026-03-11T10:29:00+05:30,820.15,834.6,820.15,832.85,122
2026-03-11T10:30:00+05:30,836.65,860.0,836.65,851.9,43
2026-03-11T10:31:00+05:30,860.0,866.2,849.75,851.2,166
2026-03-11T10:32:00+05:30,858.1,859.9,841.4,841.4,34
2026-03-11T10:33:00+05:30,840.9,848.8,826.05,826.05,68
2026-03-11T10:34:00+05:30,827.75,830.3,804.35,817.25,87
2026-03-11T10:35:00+05:30,814.4,814.4,752.1,761.65,192
2026-03-11T10:36:00+05:30,757.9,773.75,746.05,759.8,133
2026-03-11T10:37:00+05:30,750.0,761.0,747.85,755.25,518
2026-03-11T10:38:00+05:30,758.85,766.4,749.4,750.6,237
2026-03-11T10:39:00+05:30,752.95,752.95,735.0,742.7,322
2026-03-11T10:40:00+05:30,747.45,748.05,732.55,740.2,300
2026-03-11T10:41:00+05:30,738.75,759.15,738.75,755.8,393
2026-03-11T10:42:00+05:30,755.05,755.05,727.9,730.2,296
2026-03-11T10:43:00+05:30,731.2,732.7,699.05,704.75,867
2026-03-11T10:44:00+05:30,709.3,709.3,689.35,700.6,297
2026-03-11T10:45:00+05:30,698.85,703.4,684.95,695.3,710
2026-03-11T10:46:00+05:30,697.0,702.95,671.5,690.6,759
2026-03-11T10:47:00+05:30,688.0,725.2,680.0,714.95,788
2026-03-11T10:48:00+05:30,722.0,727.9,715.7,726.8,278
2026-03-11T10:49:00+05:30,724.0,738.0,719.25,738.0,146
2026-03-11T10:50:00+05:30,735.7,745.25,726.5,745.0,488
2026-03-11T10:51:00+05:30,743.45,746.05,720.0,720.0,190
2026-03-11T10:52:00+05:30,721.75,730.45,718.45,726.45,177
2026-03-11T10:53:00+05:30,725.0,725.0,715.0,718.75,70
2026-03-11T10:54:00+05:30,718.9,736.0,718.9,728.6,99
2026-03-11T10:55:00+05:30,730.7,740.0,729.25,740.0,116
2026-03-11T10:56:00+05:30,744.35,745.45,734.05,739.5,144
2026-03-11T10:57:00+05:30,738.85,740.4,727.7,731.15,93
2026-03-11T10:58:00+05:30,732.9,765.75,732.9,765.75,156
2026-03-11T10:59:00+05:30,765.9,771.9,757.3,760.0,132
2026-03-11T11:00:00+05:30,764.3,766.7,744.2,756.0,125
2026-03-11T11:01:00+05:30,752.0,756.85,739.05,750.1,94
2026-03-11T11:02:00+05:30,746.9,760.0,742.1,757.0,151
2026-03-11T11:03:00+05:30,760.1,777.0,760.1,766.35,266
2026-03-11T11:04:00+05:30,771.7,779.95,770.0,771.2,186
2026-03-11T11:05:00+05:30,769.9,769.9,752.3,769.65,104
2026-03-11T11:06:00+05:30,770.4,770.4,749.0,749.0,215
2026-03-11T11:07:00+05:30,749.0,751.6,730.0,730.75,137
2026-03-11T11:08:00+05:30,733.4,745.15,728.15,737.45,180
2026-03-11T11:09:00+05:30,737.15,739.05,727.65,732.0,211
2026-03-11T11:10:00+05:30,729.45,743.5,720.0,731.55,220
2026-03-11T11:11:00+05:30,730.45,737.35,719.65,736.15,156
2026-03-11T11:12:00+05:30,736.4,736.4,716.9,718.7,560
2026-03-11T11:13:00+05:30,720.0,720.0,701.7,702.55,321
2026-03-11T11:14:00+05:30,698.5,702.95,678.15,701.9,446
2026-03-11T11:15:00+05:30,700.65,700.65,690.25,692.2,461
2026-03-11T11:16:00+05:30,691.4,691.4,650.2,654.15,1322
2026-03-11T11:17:00+05:30,653.7,683.3,653.0,670.2,1206
2026-03-11T11:18:00+05:30,668.0,675.75,651.2,651.2,228
2026-03-11T11:19:00+05:30,650.55,655.95,638.4,645.0,599
2026-03-11T11:20:00+05:30,646.0,648.85,621.45,624.6,1275
2026-03-11T11:21:00+05:30,626.8,642.85,619.3,637.2,1051
2026-03-11T11:22:00+05:30,636.0,637.2,608.35,614.65,712
2026-03-11T11:23:00+05:30,615.5,623.4,607.0,607.0,660
2026-03-11T11:24:00+05:30,602.0,613.45,580.9,590.6,1637
2026-03-11T11:25:00+05:30,595.5,612.5,593.4,609.95,1857
2026-03-11T11:26:00+05:30,609.7,616.8,601.2,614.9,930
2026-03-11T11:27:00+05:30,612.05,621.0,609.45,621.0,1006
2026-03-11T11:28:00+05:30,623.25,623.85,613.8,619.2,869
2026-03-11T11:29:00+05:30,619.95,625.25,617.0,624.35,401
2026-03-11T11:30:00+05:30,624.8,626.45,613.7,620.0,572
2026-03-11T11:31:00+05:30,616.3,618.8,593.0,594.75,1370
2026-03-11T11:32:00+05:30,599.1,607.0,596.35,598.1,1561
2026-03-11T11:33:00+05:30,598.05,599.4,589.9,596.15,2020
2026-03-11T11:34:00+05:30,595.65,598.0,588.2,593.55,1847
2026-03-11T11:35:00+05:30,592.25,598.4,560.75,567.2,3872
2026-03-11T11:36:00+05:30,568.0,606.15,566.2,603.05,6179
2026-03-11T11:37:00+05:30,601.3,621.15,601.0,615.85,3440
2026-03-11T11:38:00+05:30,618.1,627.4,615.35,624.6,2205
2026-03-11T11:39:00+05:30,625.95,626.6,611.05,611.4,1241
2026-03-11T11:40:00+05:30,611.0,621.95,609.35,618.8,1430
2026-03-11T11:41:00+05:30,618.1,624.0,610.0,615.4,1125
2026-03-11T11:42:00+05:30,616.4,616.4,601.5,607.45,1905
2026-03-11T11:43:00+05:30,607.45,626.7,602.8,624.3,2314
2026-03-11T11:44:00+05:30,624.35,625.0,615.7,624.15,2003
2026-03-11T11:45:00+05:30,622.1,624.1,615.1,618.2,1102
2026-03-11T11:46:00+05:30,617.7,621.15,612.0,613.0,1249
2026-03-11T11:47:00+05:30,613.0,622.75,602.0,606.05,1904
2026-03-11T11:48:00+05:30,608.45,610.35,600.4,606.75,1834
2026-03-11T11:49:00+05:30,605.9,607.3,590.0,596.9,3343
2026-03-11T11:50:00+05:30,597.7,599.2,582.15,594.0,3233
2026-03-11T11:51:00+05:30,592.85,598.8,586.5,593.7,1913
2026-03-11T11:52:00+05:30,592.25,594.35,573.25,575.65,3578
2026-03-11T11:53:00+05:30,574.15,602.4,572.95,601.1,6233
2026-03-11T11:54:00+05:30,600.5,607.0,596.4,600.3,3671
2026-03-11T11:55:00+05:30,599.05,599.35,579.65,584.75,4471
2026-03-11T11:56:00+05:30,584.7,591.95,571.85,575.8,6110
2026-03-11T11:57:00+05:30,575.25,589.0,574.4,578.95,2610
2026-03-11T11:58:00+05:30,579.5,581.65,572.2,575.55,2356
2026-03-11T11:59:00+05:30,572.8,595.35,564.25,589.05,6603
2026-03-11T12:00:00+05:30,590.45,594.0,583.85,592.8,3928
2026-03-11T12:01:00+05:30,594.8,608.6,589.5,606.65,5029
2026-03-11T12:02:00+05:30,605.85,617.1,601.2,616.8,4505
2026-03-11T12:03:00+05:30,617.05,633.05,616.9,630.6,6050
2026-03-11T12:04:00+05:30,631.0,634.05,623.4,631.5,3444
2026-03-11T12:05:00+05:30,632.55,633.15,619.1,627.25,2348
2026-03-11T12:06:00+05:30,620.6,626.05,616.8,621.55,1859
2026-03-11T12:07:00+05:30,625.0,625.0,602.1,605.35,3085
2026-03-11T12:08:00+05:30,605.4,607.0,591.55,592.0,2719
2026-03-11T12:09:00+05:30,595.05,615.55,595.05,606.4,2755
2026-03-11T12:10:00+05:30,607.95,612.3,601.9,610.15,1245
2026-03-11T12:11:00+05:30,611.9,637.55,611.2,635.85,4258
2026-03-11T12:12:00+05:30,636.15,636.25,622.85,631.4,2157
2026-03-11T12:13:00+05:30,631.45,638.35,611.3,611.3,2430
2026-03-11T12:14:00+05:30,611.5,626.8,609.2,626.75,1979
2026-03-11T12:15:00+05:30,626.0,628.65,611.7,622.8,2108
2026-03-11T12:16:00+05:30,621.15,633.9,620.55,629.9,2168
2026-03-11T12:17:00+05:30,630.75,636.0,622.3,623.35,1847
2026-03-11T12:18:00+05:30,623.75,626.0,608.95,623.7,2002
2026-03-11T12:19:00+05:30,623.9,626.75,613.45,624.95,1087
2026-03-11T12:20:00+05:30,624.0,624.1,612.7,620.15,916
2026-03-11T12:21:00+05:30,621.4,642.3,621.0,637.4,2508
2026-03-11T12:22:00+05:30,639.1,640.35,610.95,611.9,1804
2026-03-11T12:23:00+05:30,610.0,624.5,603.35,623.45,2159
2026-03-11T12:24:00+05:30,625.0,625.75,611.65,614.3,2922
2026-03-11T12:25:00+05:30,612.55,620.0,601.45,606.2,1632
2026-03-11T12:26:00+05:30,605.8,605.8,596.0,604.1,1762
2026-03-11T12:27:00+05:30,605.65,614.75,600.0,600.7,1369
2026-03-11T12:28:00+05:30,600.0,613.15,594.45,613.15,1707
2026-03-11T12:29:00+05:30,610.85,625.6,610.8,618.5,2158
2026-03-11T12:30:00+05:30,614.05,641.6,608.3,639.9,2357
2026-03-11T12:31:00+05:30,639.0,644.2,626.45,627.8,2625
2026-03-11T12:32:00+05:30,626.2,633.85,622.5,632.85,1428
2026-03-11T12:33:00+05:30,632.25,633.05,594.95,594.95,2737
2026-03-11T12:34:00+05:30,588.9,593.4,541.1,571.9,6463
2026-03-11T12:35:00+05:30,572.2,582.5,548.95,550.0,4427
2026-03-11T12:36:00+05:30,548.35,557.55,542.35,542.5,4708
2026-03-11T12:37:00+05:30,546.8,553.3,530.05,542.35,4417
2026-03-11T12:38:00+05:30,543.45,543.45,526.9,532.35,5789
2026-03-11T12:39:00+05:30,531.35,535.25,522.0,527.05,4171
2026-03-11T12:40:00+05:30,528.8,538.55,523.35,535.6,4423
2026-03-11T12:41:00+05:30,536.25,556.05,534.25,556.05,5061
2026-03-11T12:42:00+05:30,551.85,561.6,546.1,557.9,4968
2026-03-11T12:43:00+05:30,559.9,576.2,559.7,572.45,5447
2026-03-11T12:44:00+05:30,574.35,592.35,566.6,591.15,4569
2026-03-11T12:45:00+05:30,590.95,590.95,574.45,574.45,4060
2026-03-11T12:46:00+05:30,575.25,585.4,568.4,577.1,4120
2026-03-11T12:47:00+05:30,576.35,576.45,561.5,563.5,3756
2026-03-11T12:48:00+05:30,563.45,563.45,550.7,558.55,4344
2026-03-11T12:49:00+05:30,560.7,578.95,557.85,575.8,3620
2026-03-11T12:50:00+05:30,576.85,577.55,564.8,571.25,2525
2026-03-11T12:51:00+05:30,572.5,575.25,556.45,568.7,2376
2026-03-11T12:52:00+05:30,569.1,577.0,567.45,571.0,1947
2026-03-11T12:53:00+05:30,569.6,576.8,552.4,556.25,2967
2026-03-11T12:54:00+05:30,556.2,561.8,545.25,561.8,3298
2026-03-11T12:55:00+05:30,563.1,565.15,555.8,560.45,1492
2026-03-11T12:56:00+05:30,561.4,561.7,547.0,551.2,2936
2026-03-11T12:57:00+05:30,551.65,559.3,548.45,559.3,4682
2026-03-11T12:58:00+05:30,558.45,561.9,551.65,551.8,3755
2026-03-11T12:59:00+05:30,553.75,557.5,552.1,553.7,5131
2026-03-11T13:00:00+05:30,553.45,592.8,550.6,577.0,12575
2026-03-11T13:01:00+05:30,575.3,593.2,561.3,561.5,8594
2026-03-11T13:02:00+05:30,563.4,565.15,553.75,554.9,5517
2026-03-11T13:03:00+05:30,553.25,553.6,540.0,547.2,8623
2026-03-11T13:04:00+05:30,548.5,555.0,543.5,544.8,4050
2026-03-11T13:05:00+05:30,545.95,550.0,542.15,549.25,2574
2026-03-11T13:06:00+05:30,550.0,551.6,534.65,538.5,6772
2026-03-11T13:07:00+05:30,538.8,538.8,513.0,531.65,8667
2026-03-11T13:08:00+05:30,533.9,537.15,525.3,527.0,11976
2026-03-11T13:09:00+05:30,527.1,535.5,525.75,533.8,7337
2026-03-11T13:10:00+05:30,533.95,534.0,506.6,513.85,9251
2026-03-11T13:11:00+05:30,514.75,518.75,482.2,502.9,9568
2026-03-11T13:12:00+05:30,502.6,503.4,487.95,491.5,7191
2026-03-11T13:13:00+05:30,490.0,491.9,465.15,468.65,10626
2026-03-11T13:14:00+05:30,464.4,479.85,455.6,471.6,6665
2026-03-11T13:15:00+05:30,469.7,477.2,469.1,471.85,3971
2026-03-11T13:16:00+05:30,474.0,475.8,464.95,465.6,2956
2026-03-11T13:17:00+05:30,465.85,469.3,451.0,469.0,6511
2026-03-11T13:18:00+05:30,467.3,485.9,464.95,482.7,5071
2026-03-11T13:19:00+05:30,482.65,491.55,482.55,490.9,5499
2026-03-11T13:20:00+05:30,492.0,496.95,487.25,493.15,4538
2026-03-11T13:21:00+05:30,493.35,499.0,486.1,497.65,4123
2026-03-11T13:22:00+05:30,496.7,511.0,494.85,502.7,6067
2026-03-11T13:23:00+05:30,505.5,511.5,501.4,508.9,4044
2026-03-11T13:24:00+05:30,511.0,524.45,509.1,524.3,5402
2026-03-11T13:25:00+05:30,524.1,525.0,506.4,520.05,6735
2026-03-11T13:26:00+05:30,522.0,539.4,515.65,534.65,7053
2026-03-11T13:27:00+05:30,533.5,534.65,519.7,519.7,6098
2026-03-11T13:28:00+05:30,520.6,537.6,515.7,537.6,4951
2026-03-11T13:29:00+05:30,536.75,559.95,535.1,556.05,10316
2026-03-11T13:30:00+05:30,560.25,602.25,560.25,601.95,15238
2026-03-11T13:31:00+05:30,603.9,607.2,584.5,587.15,10151
2026-03-11T13:32:00+05:30,583.5,589.25,562.0,578.9,6537
2026-03-11T13:33:00+05:30,577.1,586.5,568.4,580.55,4123
2026-03-11T13:34:00+05:30,573.9,583.15,559.2,561.5,4176
2026-03-11T13:35:00+05:30,563.6,564.0,552.05,560.35,4615
2026-03-11T13:36:00+05:30,562.45,577.3,560.05,560.05,4424
2026-03-11T13:37:00+05:30,563.15,564.35,552.95,555.35,3012
2026-03-11T13:38:00+05:30,547.95,550.15,535.3,539.15,5655
2026-03-11T13:39:00+05:30,539.05,545.65,535.3,545.2,3572
2026-03-11T13:40:00+05:30,543.85,543.85,531.1,537.95,3793
2026-03-11T13:41:00+05:30,536.9,548.1,536.9,541.5,4453
2026-03-11T13:42:00+05:30,543.5,554.0,543.35,549.7,4250
2026-03-11T13:43:00+05:30,548.45,555.2,540.9,549.95,4493
2026-03-11T13:44:00+05:30,549.3,551.0,527.6,536.6,5072
2026-03-11T13:45:00+05:30,537.3,542.95,531.0,535.4,3848
2026-03-11T13:46:00+05:30,535.45,544.4,522.25,529.9,4885
2026-03-11T13:47:00+05:30,529.65,531.35,510.1,513.4,5344
2026-03-11T13:48:00+05:30,511.95,535.6,506.0,535.45,6725
2026-03-11T13:49:00+05:30,534.5,543.4,526.15,526.25,5967
2026-03-11T13:50:00+05:30,526.35,526.35,510.15,510.15,6075
2026-03-11T13:51:00+05:30,507.9,532.45,500.75,527.0,9518
2026-03-11T13:52:00+05:30,528.6,543.0,522.15,528.35,7293
2026-03-11T13:53:00+05:30,526.45,534.85,521.7,532.85,3451
2026-03-11T13:54:00+05:30,536.1,540.2,528.45,531.9,3498
2026-03-11T13:55:00+05:30,534.0,543.55,528.3,531.2,5085
2026-03-11T13:56:00+05:30,530.25,530.95,515.0,515.0,4565
2026-03-11T13:57:00+05:30,514.15,514.2,503.0,505.7,5354
2026-03-11T13:58:00+05:30,505.65,530.8,503.35,523.75,4822
2026-03-11T13:59:00+05:30,525.2,530.0,521.35,522.65,3177
2026-03-11T14:00:00+05:30,523.45,525.5,505.0,516.0,5484
2026-03-11T14:01:00+05:30,516.25,524.0,496.35,501.05,7556
2026-03-11T14:02:00+05:30,502.95,503.25,484.5,500.15,5528
2026-03-11T14:03:00+05:30,499.25,530.8,497.45,526.2,6079
2026-03-11T14:04:00+05:30,528.15,529.1,515.0,519.7,5904
2026-03-11T14:05:00+05:30,519.7,519.7,501.85,512.35,5136
2026-03-11T14:06:00+05:30,510.9,523.7,510.3,522.9,2884
2026-03-11T14:07:00+05:30,521.0,523.75,493.85,496.8,6064
2026-03-11T14:08:00+05:30,492.0,492.65,477.35,482.6,9061
2026-03-11T14:09:00+05:30,482.9,489.5,465.5,465.5,5562
2026-03-11T14:10:00+05:30,467.8,484.55,463.0,484.0,5434
2026-03-11T14:11:00+05:30,481.95,485.35,467.85,472.2,3580
2026-03-11T14:12:00+05:30,474.65,475.35,468.0,468.95,2063
2026-03-11T14:13:00+05:30,464.3,479.0,462.15,470.75,4206
2026-03-11T14:14:00+05:30,470.9,483.25,468.35,474.7,4767
2026-03-11T14:15:00+05:30,473.65,489.75,473.65,483.0,3685
2026-03-11T14:16:00+05:30,483.1,483.25,443.6,468.9,9768
2026-03-11T14:17:00+05:30,468.7,469.1,441.0,444.6,4860
2026-03-11T14:18:00+05:30,443.15,447.1,406.9,409.55,12241
2026-03-11T14:19:00+05:30,412.8,434.6,407.7,432.05,7513
2026-03-11T14:20:00+05:30,433.9,451.5,429.3,440.35,7751
2026-03-11T14:21:00+05:30,438.7,438.9,416.95,429.4,8806
2026-03-11T14:22:00+05:30,425.1,429.1,412.85,413.6,3311
2026-03-11T14:23:00+05:30,411.2,412.65,395.05,405.7,7882
2026-03-11T14:24:00+05:30,404.8,418.0,399.0,399.0,4988
2026-03-11T14:25:00+05:30,395.2,415.5,388.0,411.75,6635
2026-03-11T14:26:00+05:30,413.3,417.0,392.4,395.05,4647
2026-03-11T14:27:00+05:30,396.75,455.15,382.0,448.8,10944
2026-03-11T14:28:00+05:30,448.5,466.95,447.2,465.25,13167
2026-03-11T14:29:00+05:30,465.75,523.25,465.75,523.25,25824
2026-03-11T14:30:00+05:30,521.8,528.75,461.6,461.6,28237
2026-03-11T14:31:00+05:30,465.35,476.45,438.8,447.9,15427
2026-03-11T14:32:00+05:30,446.7,481.35,443.05,462.6,12876
2026-03-11T14:33:00+05:30,464.15,470.5,430.6,434.0,9485
2026-03-11T14:34:00+05:30,433.65,441.15,424.5,425.65,6290
2026-03-11T14:35:00+05:30,421.1,435.2,415.0,434.0,7217
2026-03-11T14:36:00+05:30,434.2,434.2,420.3,428.5,3947
2026-03-11T14:37:00+05:30,427.9,434.8,421.3,431.65,2992
2026-03-11T14:38:00+05:30,431.65,434.05,407.15,413.2,6178
2026-03-11T14:39:00+05:30,414.8,440.75,410.3,435.4,5012
2026-03-11T14:40:00+05:30,437.2,437.2,407.7,412.35,5569
2026-03-11T14:41:00+05:30,412.95,416.75,401.8,407.85,5103
2026-03-11T14:42:00+05:30,411.0,421.95,408.85,420.9,3240
2026-03-11T14:43:00+05:30,423.3,430.0,407.55,430.0,6162
2026-03-11T14:44:00+05:30,433.35,433.35,404.6,416.9,5909
2026-03-11T14:45:00+05:30,415.6,430.0,409.25,421.65,5053
2026-03-11T14:46:00+05:30,424.2,437.0,423.95,434.6,3676
2026-03-11T14:47:00+05:30,434.3,440.0,412.6,413.7,5573
2026-03-11T14:48:00+05:30,410.15,430.05,410.0,421.05,5231
2026-03-11T14:49:00+05:30,421.45,422.4,407.0,417.3,4130
2026-03-11T14:50:00+05:30,420.65,435.05,419.0,420.75,4266
2026-03-11T14:51:00+05:30,421.7,421.95,406.9,408.9,3537
2026-03-11T14:52:00+05:30,408.75,412.65,385.3,387.05,7745
2026-03-11T14:53:00+05:30,387.2,406.0,386.7,406.0,5907
2026-03-11T14:54:00+05:30,406.8,421.0,406.8,411.4,6814
2026-03-11T14:55:00+05:30,412.45,412.45,395.9,404.55,5196
2026-03-11T14:56:00+05:30,406.15,409.45,396.75,405.95,3324
2026-03-11T14:57:00+05:30,404.65,406.6,391.35,403.15,2625
2026-03-11T14:58:00+05:30,403.9,403.9,361.85,366.0,9420
2026-03-11T14:59:00+05:30,360.15,366.5,338.05,341.55,10739
2026-03-11T15:00:00+05:30,347.3,372.8,347.3,368.55,8988
2026-03-11T15:01:00+05:30,369.1,382.4,363.2,376.0,6918
2026-03-11T15:02:00+05:30,375.3,382.0,364.15,375.0,5637
2026-03-11T15:03:00+05:30,375.75,383.85,362.6,365.05,5139
2026-03-11T15:04:00+05:30,366.1,373.95,324.2,332.3,10258
2026-03-11T15:05:00+05:30,332.05,348.8,322.25,333.7,7679
2026-03-11T15:06:00+05:30,332.9,335.0,304.0,310.25,10693
2026-03-11T15:07:00+05:30,312.4,319.5,291.3,295.2,10765
2026-03-11T15:08:00+05:30,298.7,304.5,295.2,302.35,6602
2026-03-11T15:09:00+05:30,306.35,319.7,305.15,314.1,6528
2026-03-11T15:10:00+05:30,315.0,320.3,306.95,314.8,9934
2026-03-11T15:11:00+05:30,310.75,322.0,310.75,312.65,5051
2026-03-11T15:12:00+05:30,316.45,318.5,300.4,304.55,3608
2026-03-11T15:13:00+05:30,306.9,307.35,284.55,285.85,5553
2026-03-11T15:14:00+05:30,290.0,291.35,279.0,289.25,4748
2026-03-11T15:15:00+05:30,293.7,294.8,274.9,291.15,8788
2026-03-11T15:16:00+05:30,294.45,296.65,289.15,293.15,5690
2026-03-11T15:17:00+05:30,293.75,299.4,293.1,296.85,3099
2026-03-11T15:18:00+05:30,295.1,300.7,285.75,300.7,3854
2026-03-11T15:19:00+05:30,300.5,302.4,292.35,295.8,3324
2026-03-11T15:20:00+05:30,300.2,300.95,284.05,284.05,3986
2026-03-11T15:21:00+05:30,285.9,285.9,271.0,272.0,4147
2026-03-11T15:22:00+05:30,270.0,270.55,253.65,263.3,4947
2026-03-11T15:23:00+05:30,264.55,265.2,258.3,263.25,3030
2026-03-11T15:24:00+05:30,263.75,264.35,257.35,262.3,3022
2026-03-11T15:25:00+05:30,265.35,279.65,262.8,279.65,4682
2026-03-11T15:26:00+05:30,279.95,281.35,261.95,264.6,3235
2026-03-11T15:27:00+05:30,267.45,276.1,263.45,273.85,2629
2026-03-11T15:28:00+05:30,275.95,294.05,272.6,294.05,2949
2026-03-11T15:29:00+05:30,295.55,299.25,277.0,277.95,5326
2026-03-12T09:15:00+05:30,133.7,133.7,26.0,31.35,27775
2026-03-12T09:16:00+05:30,30.15,31.55,21.65,23.8,28601
2026-03-12T09:17:00+05:30,23.4,25.0,21.0,21.8,17940
2026-03-12T09:18:00+05:30,22.0,22.8,19.95,20.65,13869
2026-03-12T09:19:00+05:30,20.95,20.95,17.5,18.0,17210
2026-03-12T09:20:00+05:30,18.25,22.2,17.4,22.2,16438
2026-03-12T09:21:00+05:30,22.05,22.3,16.5,16.95,16172
2026-03-12T09:22:00+05:30,16.9,18.35,16.9,17.65,9609
2026-03-12T09:23:00+05:30,17.35,20.05,16.95,19.9,7507
2026-03-12T09:24:00+05:30,20.05,23.75,19.7,22.55,13646
2026-03-12T09:25:00+05:30,22.2,25.1,20.6,23.15,13835
2026-03-12T09:26:00+05:30,22.25,22.25,20.0,21.4,10397
2026-03-12T09:27:00+05:30,22.0,24.85,21.1,21.5,12407
2026-03-12T09:28:00+05:30,21.95,22.3,19.25,20.0,10048
2026-03-12T09:29:00+05:30,20.3,23.25,19.9,22.15,10080
2026-03-12T09:30:00+05:30,21.85,21.95,20.05,20.7,9325
2026-03-12T09:31:00+05:30,20.9,24.3,20.75,22.95,13410
2026-03-12T09:32:00+05:30,23.2,23.35,20.7,21.25,9866
2026-03-12T09:33:00+05:30,21.05,22.45,20.05,20.85,7818
2026-03-12T09:34:00+05:30,20.9,21.05,18.15,18.5,10412
2026-03-12T09:35:00+05:30,18.8,19.25,17.7,18.3,9817
2026-03-12T09:36:00+05:30,18.55,19.65,17.5,18.75,5892
2026-03-12T09:37:00+05:30,18.95,21.5,18.15,21.15,7234
2026-03-12T09:38:00+05:30,20.85,22.65,19.7,19.7,10907
2026-03-12T09:39:00+05:30,19.9,19.9,16.9,17.1,10295
2026-03-12T09:40:00+05:30,16.7,18.0,16.2,17.35,7809
2026-03-12T09:41:00+05:30,17.6,17.9,15.7,16.6,7371
2026-03-12T09:42:00+05:30,16.65,19.9,16.3,19.8,7703
2026-03-12T09:43:00+05:30,19.75,20.35,17.65,18.75,9632
2026-03-12T09:44:00+05:30,18.65,20.3,18.2,20.3,5768
2026-03-12T09:45:00+05:30,20.1,20.8,19.0,19.9,10024
2026-03-12T09:46:00+05:30,19.8,20.4,17.7,17.7,11368
2026-03-12T09:47:00+05:30,17.55,19.45,17.45,18.2,7540
2026-03-12T09:48:00+05:30,18.25,19.5,18.15,19.15,6934
2026-03-12T09:49:00+05:30,19.4,22.45,18.75,22.45,10707
2026-03-12T09:50:00+05:30,21.9,24.9,21.45,23.2,22186
2026-03-12T09:51:00+05:30,23.45,34.1,21.65,29.05,27484
2026-03-12T09:52:00+05:30,30.4,33.35,28.3,29.4,30060
2026-03-12T09:53:00+05:30,30.05,32.05,28.35,30.95,23615
2026-03-12T09:54:00+05:30,30.85,36.6,30.75,35.95,24821
2026-03-12T09:55:00+05:30,36.1,36.1,29.9,31.75,29646
2026-03-12T09:56:00+05:30,31.75,35.25,30.5,33.75,17145
2026-03-12T09:57:00+05:30,34.45,46.75,33.8,41.65,33453
2026-03-12T09:58:00+05:30,40.75,52.65,40.45,52.05,30701
2026-03-12T09:59:00+05:30,53.6,58.9,50.75,55.9,40571
2026-03-12T10:00:00+05:30,55.0,55.3,43.5,44.3,35614
2026-03-12T10:01:00+05:30,42.6,46.45,38.05,42.15,26780
2026-03-12T10:02:00+05:30,42.8,54.25,42.75,50.0,30052
2026-03-12T10:03:00+05:30,50.4,50.4,40.85,42.55,21116
2026-03-12T10:04:00+05:30,43.75,46.95,41.85,44.05,15002
2026-03-12T10:05:00+05:30,44.85,44.85,34.75,35.45,25757
2026-03-12T10:06:00+05:30,34.25,35.7,33.15,33.4,23895
2026-03-12T10:07:00+05:30,34.1,34.25,28.0,29.5,23262
2026-03-12T10:08:00+05:30,30.55,30.7,24.8,24.8,20910
2026-03-12T10:09:00+05:30,25.25,26.9,23.75,25.8,22143
2026-03-12T10:10:00+05:30,25.95,31.6,25.5,30.95,23494
2026-03-12T10:11:00+05:30,30.4,30.65,26.4,26.85,10572
2026-03-12T10:12:00+05:30,27.15,29.0,25.25,25.25,11699
2026-03-12T10:13:00+05:30,25.25,25.9,23.05,24.25,12299
2026-03-12T10:14:00+05:30,24.2,24.6,20.55,21.3,15806
2026-03-12T10:15:00+05:30,21.25,22.85,20.9,21.5,13320
2026-03-12T10:16:00+05:30,21.1,22.0,18.95,18.95,18528
2026-03-12T10:17:00+05:30,19.05,21.15,18.95,19.25,10937
2026-03-12T10:18:00+05:30,19.35,21.4,18.55,21.25,15173
2026-03-12T10:19:00+05:30,21.35,23.15,21.0,22.45,15702
2026-03-12T10:20:00+05:30,22.8,25.25,22.4,23.8,14535
2026-03-12T10:21:00+05:30,24.25,28.95,23.45,28.75,21617
2026-03-12T10:22:00+05:30,29.8,30.35,23.3,24.8,27656
2026-03-12T10:23:00+05:30,25.1,25.65,21.15,21.75,19194
2026-03-12T10:24:00+05:30,22.0,24.75,20.9,23.35,15578
2026-03-12T10:25:00+05:30,24.15,31.3,24.15,30.1,22692
2026-03-12T10:26:00+05:30,29.85,39.45,27.35,38.3,46148
2026-03-12T10:27:00+05:30,38.15,42.1,33.65,34.7,48899
2026-03-12T10:28:00+05:30,34.55,36.1,29.9,31.45,32188
2026-03-12T10:29:00+05:30,32.0,35.5,30.8,35.5,18638
2026-03-12T10:30:00+05:30,35.35,38.9,28.1,28.35,33386
2026-03-12T10:31:00+05:30,29.1,29.15,23.75,24.35,34836
2026-03-12T10:32:00+05:30,24.5,35.45,24.5,35.05,30627
2026-03-12T10:33:00+05:30,34.75,41.45,34.7,36.25,39858
2026-03-12T10:34:00+05:30,37.8,45.0,35.85,41.45,31914
2026-03-12T10:35:00+05:30,41.95,44.25,36.4,36.8,27377
2026-03-12T10:36:00+05:30,36.9,43.95,35.55,43.9,18653
2026-03-12T10:37:00+05:30,45.0,55.1,44.85,51.95,54868
2026-03-12T10:38:00+05:30,52.55,54.45,47.5,50.7,36181
2026-03-12T10:39:00+05:30,51.75,52.9,47.25,51.7,21333
2026-03-12T10:40:00+05:30,51.0,58.3,48.1,51.95,24265
2026-03-12T10:41:00+05:30,51.9,52.7,44.25,52.3,26449
2026-03-12T10:42:00+05:30,52.85,54.6,45.5,46.05,15789
2026-03-12T10:43:00+05:30,46.35,47.25,36.7,37.05,29647
2026-03-12T10:44:00+05:30,36.85,46.65,35.7,40.95,25057
2026-03-12T10:45:00+05:30,41.4,45.45,40.65,44.0,16003
2026-03-12T10:46:00+05:30,44.7,48.0,40.2,40.4,17601
2026-03-12T10:47:00+05:30,39.5,46.4,39.2,45.2,13139
2026-03-12T10:48:00+05:30,45.55,45.95,38.85,43.4,17856
2026-03-12T10:49:00+05:30,44.65,44.65,38.6,41.35,12809
2026-03-12T10:50:00+05:30,40.05,40.85,31.5,32.05,23594
2026-03-12T10:51:00+05:30,32.0,35.5,31.2,32.3,19538
2026-03-12T10:52:00+05:30,32.55,33.2,28.5,28.8,29119
2026-03-12T10:53:00+05:30,29.85,46.5,28.8,46.1,42793
2026-03-12T10:54:00+05:30,46.25,47.55,36.3,37.05,32274
2026-03-12T10:55:00+05:30,37.55,40.9,32.25,34.5,22403
2026-03-12T10:56:00+05:30,34.2,39.4,33.05,38.65,20409
2026-03-12T10:57:00+05:30,40.7,49.95,39.75,49.95,30336
2026-03-12T10:58:00+05:30,51.05,55.2,44.5,54.55,40228
2026-03-12T10:59:00+05:30,53.65,54.3,48.0,49.6,39689
2026-03-12T11:00:00+05:30,50.1,50.95,46.05,48.3,31615
2026-03-12T11:01:00+05:30,48.25,60.65,46.5,50.4,45653
2026-03-12T11:02:00+05:30,50.35,57.75,50.35,55.95,28620
2026-03-12T11:03:00+05:30,56.6,61.65,51.4,53.85,40051
2026-03-12T11:04:00+05:30,53.4,62.15,52.65,62.0,34007
2026-03-12T11:05:00+05:30,64.35,65.5,53.45,55.05,39611
2026-03-12T11:06:00+05:30,55.0,55.1,43.8,44.0,47755
2026-03-12T11:07:00+05:30,44.85,46.5,41.0,46.15,50126
2026-03-12T11:08:00+05:30,46.2,48.8,41.45,47.0,23404
2026-03-12T11:09:00+05:30,46.8,46.95,42.65,45.55,16834
2026-03-12T11:10:00+05:30,46.55,53.55,46.25,53.1,21057
2026-03-12T11:11:00+05:30,53.5,59.2,49.5,51.0,29301
2026-03-12T11:12:00+05:30,51.3,51.6,44.35,46.8,24775
2026-03-12T11:13:00+05:30,47.6,50.3,40.9,45.45,26115
2026-03-12T11:14:00+05:30,45.95,50.3,42.95,45.15,18099
2026-03-12T11:15:00+05:30,45.1,51.1,44.2,51.1,14124
2026-03-12T11:16:00+05:30,50.7,51.55,45.5,49.3,14440
2026-03-12T11:17:00+05:30,49.35,49.65,43.1,45.6,12858
2026-03-12T11:18:00+05:30,45.85,45.85,29.25,31.0,56649
2026-03-12T11:19:00+05:30,32.8,38.0,30.6,36.85,56930
2026-03-12T11:20:00+05:30,36.5,36.5,30.85,30.85,22765
2026-03-12T11:21:00+05:30,30.65,30.9,25.45,26.85,33197
2026-03-12T11:22:00+05:30,27.8,28.95,26.8,26.9,23518
2026-03-12T11:23:00+05:30,26.9,27.0,24.55,26.7,25198
2026-03-12T11:24:00+05:30,27.0,36.2,26.9,36.15,24419
2026-03-12T11:25:00+05:30,35.7,35.8,30.5,31.6,25569
2026-03-12T11:26:00+05:30,32.2,35.05,31.65,32.05,15556
2026-03-12T11:27:00+05:30,32.0,35.7,29.2,29.2,17057
2026-03-12T11:28:00+05:30,30.1,31.1,28.0,31.1,18527
2026-03-12T11:29:00+05:30,30.85,35.5,30.5,31.35,26745
2026-03-12T11:30:00+05:30,31.0,31.0,25.1,26.0,28966
2026-03-12T11:31:00+05:30,25.3,26.15,23.7,24.3,21068
2026-03-12T11:32:00+05:30,24.0,24.4,21.65,23.5,28870
2026-03-12T11:33:00+05:30,23.1,25.3,21.9,24.25,18277
2026-03-12T11:34:00+05:30,24.95,28.2,24.95,28.15,18134
2026-03-12T11:35:00+05:30,28.7,29.1,25.3,27.8,20380
2026-03-12T11:36:00+05:30,27.9,27.9,24.4,24.8,13842
2026-03-12T11:37:00+05:30,24.85,25.3,22.8,22.9,13036
2026-03-12T11:38:00+05:30,22.8,26.3,22.1,26.05,14006
2026-03-12T11:39:00+05:30,25.8,27.1,24.15,25.8,11851
2026-03-12T11:40:00+05:30,26.15,31.4,25.45,29.0,16683
2026-03-12T11:41:00+05:30,31.15,32.35,24.3,24.6,29467
2026-03-12T11:42:00+05:30,24.9,27.75,24.75,26.2,11086
2026-03-12T11:43:00+05:30,25.95,34.25,25.3,30.15,24128
2026-03-12T11:44:00+05:30,30.5,32.8,27.85,31.35,21485
2026-03-12T11:45:00+05:30,31.3,34.35,29.35,34.05,37223
2026-03-12T11:46:00+05:30,34.0,34.5,28.2,29.5,30258
2026-03-12T11:47:00+05:30,29.1,31.7,27.8,31.4,17515
2026-03-12T11:48:00+05:30,30.05,31.05,25.8,25.8,22218
2026-03-12T11:49:00+05:30,25.9,26.25,22.95,25.5,28861
2026-03-12T11:50:00+05:30,26.1,27.65,24.7,25.45,18059
2026-03-12T11:51:00+05:30,25.25,30.2,25.25,25.75,18223
2026-03-12T11:52:00+05:30,25.3,28.05,25.3,26.6,16269
2026-03-12T11:53:00+05:30,26.3,30.25,25.1,29.65,19671
2026-03-12T11:54:00+05:30,30.35,31.4,27.75,27.75,23230
2026-03-12T11:55:00+05:30,27.3,29.15,25.65,27.55,18641
2026-03-12T11:56:00+05:30,27.45,36.95,26.65,35.2,30719
2026-03-12T11:57:00+05:30,34.2,37.7,33.65,35.2,39861
2026-03-12T11:58:00+05:30,35.6,35.6,31.85,32.9,32106
2026-03-12T11:59:00+05:30,34.15,37.2,32.7,35.15,28686
2026-03-12T12:00:00+05:30,35.0,38.5,33.5,35.9,31266
2026-03-12T12:01:00+05:30,36.0,39.05,33.8,35.15,34142
2026-03-12T12:02:00+05:30,35.8,36.2,33.1,34.9,25720
2026-03-12T12:03:00+05:30,36.6,38.2,34.4,34.9,23376
2026-03-12T12:04:00+05:30,35.3,37.15,33.55,35.15,16684
2026-03-12T12:05:00+05:30,34.65,36.8,27.25,27.7,29800
2026-03-12T12:06:00+05:30,28.35,29.4,26.9,27.5,28936
2026-03-12T12:07:00+05:30,27.55,28.8,23.65,23.9,33623
2026-03-12T12:08:00+05:30,24.0,24.85,23.2,24.15,28600
2026-03-12T12:09:00+05:30,24.6,28.85,24.35,26.5,20286
2026-03-12T12:10:00+05:30,26.4,28.2,24.55,28.2,26813
2026-03-12T12:11:00+05:30,28.35,28.35,22.0,22.2,24862
2026-03-12T12:12:00+05:30,22.4,25.8,21.65,25.8,29948
2026-03-12T12:13:00+05:30,26.5,27.85,25.1,27.5,19018
2026-03-12T12:14:00+05:30,27.45,33.05,27.25,31.25,33548
2026-03-12T12:15:00+05:30,30.8,30.8,25.85,29.05,23188
2026-03-12T12:16:00+05:30,29.1,30.75,22.8,22.85,30731
2026-03-12T12:17:00+05:30,23.15,25.7,22.7,25.15,23749
2026-03-12T12:18:00+05:30,26.25,27.45,23.25,23.25,21114
2026-03-12T12:19:00+05:30,23.6,23.6,20.6,22.25,27473
2026-03-12T12:20:00+05:30,22.45,25.3,22.0,23.45,19047
2026-03-12T12:21:00+05:30,23.95,26.35,23.75,25.5,18171
2026-03-12T12:22:00+05:30,25.4,31.45,25.25,28.65,34544
2026-03-12T12:23:00+05:30,28.05,28.95,22.7,23.65,37569
2026-03-12T12:24:00+05:30,23.45,27.5,22.55,27.5,20750
2026-03-12T12:25:00+05:30,27.45,27.45,24.65,24.65,17689
2026-03-12T12:26:00+05:30,25.2,30.25,25.2,28.15,29602
2026-03-12T12:27:00+05:30,28.35,28.6,25.1,27.95,25523
2026-03-12T12:28:00+05:30,27.75,28.15,23.1,23.95,25088
2026-03-12T12:29:00+05:30,23.9,26.1,22.95,25.2,20000
2026-03-12T12:30:00+05:30,25.0,26.3,23.8,24.55,20398
2026-03-12T12:31:00+05:30,24.45,25.25,22.9,24.3,19424
2026-03-12T12:32:00+05:30,24.35,24.35,20.35,20.85,23417
2026-03-12T12:33:00+05:30,21.0,21.4,17.6,17.6,42496
2026-03-12T12:34:00+05:30,17.8,20.25,17.7,19.3,26276
2026-03-12T12:35:00+05:30,19.75,21.2,18.7,21.0,20272
2026-03-12T12:36:00+05:30,21.25,21.25,15.5,16.3,32019
2026-03-12T12:37:00+05:30,16.3,17.4,15.45,17.15,25771
2026-03-12T12:38:00+05:30,17.35,17.5,15.1,15.45,16854
2026-03-12T12:39:00+05:30,15.5,15.5,13.7,15.35,36695
2026-03-12T12:40:00+05:30,15.5,15.65,14.45,15.2,14077
2026-03-12T12:41:00+05:30,15.25,17.15,15.0,17.15,15511
2026-03-12T12:42:00+05:30,17.2,17.85,15.75,16.15,15723
2026-03-12T12:43:00+05:30,16.5,17.7,15.7,16.0,15983
2026-03-12T12:44:00+05:30,16.05,16.5,14.75,16.2,13399
2026-03-12T12:45:00+05:30,16.35,17.15,15.6,15.85,14368
2026-03-12T12:46:00+05:30,16.2,19.95,16.05,17.95,24349
2026-03-12T12:47:00+05:30,18.25,19.45,17.55,19.45,28012
2026-03-12T12:48:00+05:30,19.65,20.1,17.7,17.7,22778
2026-03-12T12:49:00+05:30,17.4,18.75,15.95,17.6,18714
2026-03-12T12:50:00+05:30,17.4,19.65,16.75,19.05,14309
2026-03-12T12:51:00+05:30,19.25,19.6,16.8,17.6,15403
2026-03-12T12:52:00+05:30,17.8,17.8,15.0,15.05,21399
2026-03-12T12:53:00+05:30,14.95,15.0,12.85,14.95,36914
2026-03-12T12:54:00+05:30,15.05,15.15,13.75,15.15,15463
2026-03-12T12:55:00+05:30,15.25,15.8,14.1,15.15,10884
2026-03-12T12:56:00+05:30,15.15,16.1,14.95,15.9,11006
2026-03-12T12:57:00+05:30,15.85,17.15,15.4,16.0,17173
2026-03-12T12:58:00+05:30,16.0,17.55,15.95,17.3,18445
2026-03-12T12:59:00+05:30,17.05,17.1,14.75,15.35,18113
2026-03-12T13:00:00+05:30,15.65,15.75,14.1,14.3,11131
2026-03-12T13:01:00+05:30,14.2,14.4,12.25,12.45,21301
2026-03-12T13:02:00+05:30,12.3,12.9,11.95,12.25,32056
2026-03-12T13:03:00+05:30,12.25,12.55,11.4,12.3,27629
2026-03-12T13:04:00+05:30,12.3,13.25,12.2,12.85,14267
2026-03-12T13:05:00+05:30,12.9,12.9,9.7,9.8,53205
2026-03-12T13:06:00+05:30,9.7,9.95,8.65,8.9,49142
2026-03-12T13:07:00+05:30,8.9,9.3,8.7,8.8,24975
2026-03-12T13:08:00+05:30,8.9,9.15,8.6,8.9,16678
2026-03-12T13:09:00+05:30,9.0,9.4,8.8,9.0,13104
2026-03-12T13:10:00+05:30,8.95,9.25,8.55,9.1,14327
2026-03-12T13:11:00+05:30,9.3,10.0,8.9,9.7,15350
2026-03-12T13:12:00+05:30,9.7,11.0,9.55,10.45,17199
2026-03-12T13:13:00+05:30,10.45,12.4,9.9,12.2,20225
2026-03-12T13:14:00+05:30,12.35,14.85,11.5,13.6,41534
2026-03-12T13:15:00+05:30,13.0,13.8,11.6,12.95,42730
2026-03-12T13:16:00+05:30,13.0,13.15,11.35,12.65,28745
2026-03-12T13:17:00+05:30,12.75,14.25,12.3,12.85,28106
2026-03-12T13:18:00+05:30,13.0,13.0,9.4,9.5,33232
2026-03-12T13:19:00+05:30,9.7,10.6,8.9,10.3,23654
2026-03-12T13:20:00+05:30,10.3,10.75,9.6,9.95,13329
2026-03-12T13:21:00+05:30,9.9,10.0,9.0,9.8,18628
2026-03-12T13:22:00+05:30,10.35,12.65,10.05,11.75,31375
2026-03-12T13:23:00+05:30,11.75,13.45,11.25,13.0,28881
2026-03-12T13:24:00+05:30,13.95,16.1,13.85,14.3,49813
2026-03-12T13:25:00+05:30,14.8,19.55,13.1,19.25,54834
2026-03-12T13:26:00+05:30,19.25,20.25,16.8,17.55,62660
2026-03-12T13:27:00+05:30,18.05,20.2,15.4,20.2,65762
2026-03-12T13:28:00+05:30,20.95,24.6,18.3,21.45,87187
2026-03-12T13:29:00+05:30,20.95,23.0,17.1,21.05,75833
2026-03-12T13:30:00+05:30,21.0,25.6,21.0,24.55,60237
2026-03-12T13:31:00+05:30,23.4,26.95,22.8,23.2,65053
2026-03-12T13:32:00+05:30,23.35,23.6,19.3,19.7,64165
2026-03-12T13:33:00+05:30,20.45,39.65,19.25,38.95,79954
2026-03-12T13:34:00+05:30,39.75,44.95,33.75,36.5,120594
2026-03-12T13:35:00+05:30,35.75,41.35,31.05,40.6,80906
2026-03-12T13:36:00+05:30,39.45,41.25,36.75,40.9,59238
2026-03-12T13:37:00+05:30,39.8,45.0,33.3,34.25,85223
2026-03-12T13:38:00+05:30,32.8,37.2,30.0,30.45,68349
2026-03-12T13:39:00+05:30,29.45,34.85,27.55,32.8,66990
2026-03-12T13:40:00+05:30,34.7,39.6,34.55,38.5,56554
2026-03-12T13:41:00+05:30,38.9,45.45,34.0,34.9,79779
2026-03-12T13:42:00+05:30,34.5,34.5,22.15,25.25,86466
2026-03-12T13:43:00+05:30,25.15,27.2,18.75,19.35,70031
2026-03-12T13:44:00+05:30,20.15,21.7,18.5,19.85,56859
2026-03-12T13:45:00+05:30,20.75,22.7,15.8,22.7,58774
2026-03-12T13:46:00+05:30,22.75,26.0,21.1,21.2,56278
2026-03-12T13:47:00+05:30,21.1,23.6,18.3,23.0,43380
2026-03-12T13:48:00+05:30,22.75,25.25,21.25,22.5,34867
2026-03-12T13:49:00+05:30,22.5,22.55,17.65,17.85,36534
2026-03-12T13:50:00+05:30,19.75,22.25,17.35,17.35,37292
2026-03-12T13:51:00+05:30,17.55,17.8,12.75,16.2,66220
2026-03-12T13:52:00+05:30,16.3,16.6,14.6,16.45,31658
2026-03-12T13:53:00+05:30,16.55,16.7,12.4,13.05,45480
2026-03-12T13:54:00+05:30,13.7,17.45,13.4,14.85,42957
2026-03-12T13:55:00+05:30,14.9,15.05,11.7,12.15,36407
2026-03-12T13:56:00+05:30,12.5,13.15,11.55,12.0,60243
2026-03-12T13:57:00+05:30,11.8,12.75,10.1,10.15,53314
2026-03-12T13:58:00+05:30,10.2,11.25,9.8,9.8,53040
2026-03-12T13:59:00+05:30,9.55,9.8,8.4,8.8,48094
2026-03-12T14:00:00+05:30,8.55,10.3,7.7,9.7,55148
2026-03-12T14:01:00+05:30,9.85,11.45,9.3,10.7,49161
2026-03-12T14:02:00+05:30,10.7,11.15,9.0,10.55,35118
2026-03-12T14:03:00+05:30,10.85,10.85,8.9,8.95,26778
2026-03-12T14:04:00+05:30,8.85,9.4,8.15,9.4,36899
2026-03-12T14:05:00+05:30,9.3,12.35,9.15,10.35,50501
2026-03-12T14:06:00+05:30,10.65,12.65,10.3,12.1,36626
2026-03-12T14:07:00+05:30,12.15,12.2,8.35,8.95,38684
2026-03-12T14:08:00+05:30,8.85,9.65,8.65,9.1,31990
2026-03-12T14:09:00+05:30,9.35,9.4,7.05,7.45,63378
2026-03-12T14:10:00+05:30,7.45,8.3,7.45,8.1,42113
2026-03-12T14:11:00+05:30,8.15,8.5,7.3,7.3,33261
2026-03-12T14:12:00+05:30,7.45,7.6,6.7,7.1,34705
2026-03-12T14:13:00+05:30,7.3,8.35,6.75,7.65,30061
2026-03-12T14:14:00+05:30,7.55,10.5,7.5,9.4,57843
2026-03-12T14:15:00+05:30,9.45,11.05,6.95,10.6,69412
2026-03-12T14:16:00+05:30,10.3,11.5,9.2,9.2,76663
2026-03-12T14:17:00+05:30,9.45,9.45,7.35,8.2,71126
2026-03-12T14:18:00+05:30,8.1,8.95,7.55,8.6,37079
2026-03-12T14:19:00+05:30,8.75,9.85,8.6,9.1,30876
2026-03-12T14:20:00+05:30,9.45,10.2,8.8,9.5,42752
2026-03-12T14:21:00+05:30,9.7,9.8,8.25,9.3,37095
2026-03-12T14:22:00+05:30,9.3,10.1,8.45,8.45,29420
2026-03-12T14:23:00+05:30,8.35,10.8,8.35,9.55,28180
2026-03-12T14:24:00+05:30,9.65,9.8,6.8,6.95,62945
2026-03-12T14:25:00+05:30,6.95,8.65,6.95,8.35,33580
2026-03-12T14:26:00+05:30,8.2,9.3,7.6,9.15,25328
2026-03-12T14:27:00+05:30,9.2,9.3,7.6,7.9,29883
2026-03-12T14:28:00+05:30,7.75,8.35,7.25,7.9,35182
2026-03-12T14:29:00+05:30,7.9,8.15,6.75,7.3,34944
2026-03-12T14:30:00+05:30,7.35,8.75,7.25,8.7,29783
2026-03-12T14:31:00+05:30,8.45,8.75,7.65,7.65,24390
2026-03-12T14:32:00+05:30,7.75,8.2,6.9,8.05,21410
2026-03-12T14:33:00+05:30,8.05,9.95,8.0,8.2,31400
2026-03-12T14:34:00+05:30,8.25,9.3,8.15,8.45,25131
2026-03-12T14:35:00+05:30,8.7,8.7,7.65,8.25,23888
2026-03-12T14:36:00+05:30,8.25,8.25,5.75,6.5,32216
2026-03-12T14:37:00+05:30,6.35,6.35,4.2,4.45,65962
2026-03-12T14:38:00+05:30,4.35,5.65,4.35,5.45,45576
2026-03-12T14:39:00+05:30,5.45,5.45,4.45,4.55,52760
2026-03-12T14:40:00+05:30,4.6,4.6,3.5,3.75,63154
2026-03-12T14:41:00+05:30,3.75,4.15,3.75,4.15,35615
2026-03-12T14:42:00+05:30,4.25,4.6,3.95,4.45,34280
2026-03-12T14:43:00+05:30,4.6,4.7,4.2,4.45,35903
2026-03-12T14:44:00+05:30,4.4,4.5,3.6,3.6,45787
2026-03-12T14:45:00+05:30,3.6,3.65,3.1,3.2,44127
2026-03-12T14:46:00+05:30,3.3,3.3,2.4,2.8,46264
2026-03-12T14:47:00+05:30,2.85,2.85,2.25,2.8,35958
2026-03-12T14:48:00+05:30,2.85,3.3,2.55,3.2,28908
2026-03-12T14:49:00+05:30,3.25,3.4,3.2,3.3,24201
2026-03-12T14:50:00+05:30,3.3,3.4,2.35,2.75,35222
2026-03-12T14:51:00+05:30,2.65,2.7,2.25,2.5,22833
2026-03-12T14:52:00+05:30,2.45,2.45,1.85,2.0,28492
2026-03-12T14:53:00+05:30,1.95,2.35,1.9,2.3,17666
2026-03-12T14:54:00+05:30,2.3,2.65,2.1,2.45,18496
2026-03-12T14:55:00+05:30,2.45,2.5,2.3,2.45,14774
2026-03-12T14:56:00+05:30,2.45,2.55,2.25,2.5,11248
2026-03-12T14:57:00+05:30,2.6,2.65,2.3,2.45,14662
2026-03-12T14:58:00+05:30,2.65,2.8,2.45,2.75,18287
2026-03-12T14:59:00+05:30,2.75,2.8,2.15,2.2,15499
2026-03-12T15:00:00+05:30,2.15,3.7,2.05,3.5,25622
2026-03-12T15:01:00+05:30,3.25,3.3,2.1,2.65,24536
2026-03-12T15:02:00+05:30,2.8,2.8,1.05,1.15,29839
2026-03-12T15:03:00+05:30,1.1,1.35,0.75,1.25,27314
2026-03-12T15:04:00+05:30,1.15,1.15,0.9,1.0,16523
2026-03-12T15:05:00+05:30,0.95,1.05,0.8,1.0,15298
2026-03-12T15:06:00+05:30,1.0,1.1,0.6,0.6,14392
2026-03-12T15:07:00+05:30,0.55,0.65,0.45,0.55,8087
2026-03-12T15:08:00+05:30,0.6,0.75,0.35,0.4,13621
2026-03-12T15:09:00+05:30,0.45,0.45,0.3,0.35,15211
2026-03-12T15:10:00+05:30,0.45,0.5,0.3,0.4,10249
2026-03-12T15:11:00+05:30,0.35,0.65,0.35,0.55,9216
2026-03-12T15:12:00+05:30,0.5,0.55,0.25,0.35,17261
2026-03-12T15:13:00+05:30,0.35,0.45,0.25,0.3,5860
2026-03-12T15:14:00+05:30,0.3,0.3,0.15,0.2,19995
2026-03-12T15:15:00+05:30,0.2,0.4,0.15,0.2,14350
2026-03-12T15:16:00+05:30,0.15,0.25,0.15,0.2,9770
2026-03-12T15:17:00+05:30,0.15,0.25,0.15,0.25,4650
2026-03-12T15:18:00+05:30,0.25,0.25,0.2,0.25,2743
2026-03-12T15:19:00+05:30,0.25,0.25,0.15,0.15,4448
2026-03-12T15:20:00+05:30,0.1,0.15,0.1,0.15,3748
2026-03-12T15:21:00+05:30,0.1,0.15,0.1,0.1,4289
2026-03-12T15:22:00+05:30,0.15,0.15,0.1,0.1,9477
2026-03-12T15:23:00+05:30,0.1,0.1,0.05,0.05,6910
2026-03-12T15:24:00+05:30,0.1,0.1,0.05,0.05,4071
2026-03-12T15:25:00+05:30,0.1,0.1,0.05,0.1,1399
2026-03-12T15:26:00+05:30,0.05,0.1,0.05,0.1,1833
2026-03-12T15:27:00+05:30,0.05,0.1,0.05,0.05,3129
2026-03-12T15:28:00+05:30,0.1,0.1,0.05,0.05,3626
2026-03-12T15:29:00+05:30,0.05,0.1,0.05,0.05,3432
