timestamp,open,high,low,close,volume
2026-06-30T09:15:00+05:30,60.05,60.6,39.75,41.55,3811
2026-06-30T09:16:00+05:30,41.05,41.05,34.0,34.2,2958
2026-06-30T09:17:00+05:30,35.0,36.75,34.55,34.75,1919
2026-06-30T09:18:00+05:30,34.7,36.75,34.1,35.45,1071
2026-06-30T09:19:00+05:30,35.4,36.1,34.4,35.8,532
2026-06-30T09:20:00+05:30,35.85,35.9,34.15,35.2,666
2026-06-30T09:21:00+05:30,34.95,35.15,34.25,34.7,744
2026-06-30T09:22:00+05:30,34.4,35.05,33.6,34.75,910
2026-06-30T09:23:00+05:30,34.65,36.5,34.35,36.1,878
2026-06-30T09:24:00+05:30,35.95,36.2,35.25,35.45,447
2026-06-30T09:25:00+05:30,35.3,37.25,35.3,37.25,408
2026-06-30T09:26:00+05:30,37.6,37.6,36.45,37.1,412
2026-06-30T09:27:00+05:30,36.95,37.6,36.3,36.35,183
2026-06-30T09:28:00+05:30,36.05,37.0,36.05,36.85,230
2026-06-30T09:29:00+05:30,36.6,36.7,35.6,35.6,391
2026-06-30T09:30:00+05:30,35.5,36.4,35.25,36.4,264
2026-06-30T09:31:00+05:30,36.35,36.35,35.1,35.3,315
2026-06-30T09:32:00+05:30,35.2,35.8,34.75,34.95,609
2026-06-30T09:33:00+05:30,34.85,35.6,33.0,33.4,1169
2026-06-30T09:34:00+05:30,33.4,33.5,32.3,33.25,625
2026-06-30T09:35:00+05:30,33.35,35.6,33.1,35.6,378
2026-06-30T09:36:00+05:30,35.65,36.65,35.45,35.9,339
2026-06-30T09:37:00+05:30,36.05,36.6,34.5,34.55,182
2026-06-30T09:38:00+05:30,34.6,35.3,34.3,35.1,432
2026-06-30T09:39:00+05:30,35.25,36.3,34.9,36.3,540
2026-06-30T09:40:00+05:30,36.55,38.3,36.55,38.05,1007
2026-06-30T09:41:00+05:30,38.05,38.3,36.25,36.25,333
2026-06-30T09:42:00+05:30,36.15,36.7,35.8,35.8,384
2026-06-30T09:43:00+05:30,36.4,37.25,36.25,36.7,140
2026-06-30T09:44:00+05:30,36.8,37.0,36.65,36.95,52
2026-06-30T09:45:00+05:30,36.75,36.95,36.05,36.45,225
2026-06-30T09:46:00+05:30,36.2,36.2,35.3,35.6,296
2026-06-30T09:47:00+05:30,35.75,36.45,35.0,35.35,152
2026-06-30T09:48:00+05:30,35.15,35.55,34.2,34.45,233
2026-06-30T09:49:00+05:30,34.5,34.55,34.0,34.25,99
2026-06-30T09:50:00+05:30,33.9,34.0,33.5,33.85,216
2026-06-30T09:51:00+05:30,33.5,34.1,33.2,33.25,263
2026-06-30T09:52:00+05:30,33.3,33.45,32.7,32.95,407
2026-06-30T09:53:00+05:30,33.0,33.3,32.8,33.25,629
2026-06-30T09:54:00+05:30,32.8,34.95,32.8,34.85,269
2026-06-30T09:55:00+05:30,34.9,35.95,34.65,34.65,366
2026-06-30T09:56:00+05:30,34.3,36.6,34.3,36.4,869
2026-06-30T09:57:00+05:30,36.15,36.4,35.25,36.1,289
2026-06-30T09:58:00+05:30,36.15,36.15,35.1,35.4,136
2026-06-30T09:59:00+05:30,35.6,35.6,34.25,35.45,129
2026-06-30T10:00:00+05:30,35.55,36.3,35.55,36.3,166
2026-06-30T10:01:00+05:30,36.3,37.9,36.3,37.75,353
2026-06-30T10:02:00+05:30,37.7,40.05,37.7,39.1,1114
2026-06-30T10:03:00+05:30,39.15,40.75,39.0,40.5,387
2026-06-30T10:04:00+05:30,40.5,43.55,40.5,43.55,623
2026-06-30T10:05:00+05:30,43.75,43.95,40.0,40.9,469
2026-06-30T10:06:00+05:30,40.75,40.75,38.35,38.8,207
2026-06-30T10:07:00+05:30,38.55,38.55,36.9,37.2,539
2026-06-30T10:08:00+05:30,37.35,38.35,36.6,36.7,263
2026-06-30T10:09:00+05:30,36.85,36.85,35.55,36.55,393
2026-06-30T10:10:00+05:30,36.85,37.75,36.7,37.0,217
2026-06-30T10:11:00+05:30,36.8,37.85,36.75,37.25,214
2026-06-30T10:12:00+05:30,37.45,38.4,37.35,37.6,274
2026-06-30T10:13:00+05:30,37.45,37.45,35.9,36.95,207
2026-06-30T10:14:00+05:30,36.95,37.0,36.4,36.5,103
2026-06-30T10:15:00+05:30,36.65,36.65,35.55,36.55,96
2026-06-30T10:16:00+05:30,36.85,37.3,36.5,36.85,179
2026-06-30T10:17:00+05:30,36.25,36.35,35.95,36.2,72
2026-06-30T10:18:00+05:30,36.0,37.45,35.8,37.35,173
2026-06-30T10:19:00+05:30,37.0,37.2,36.65,36.8,122
2026-06-30T10:20:00+05:30,36.7,36.9,36.0,36.35,149
2026-06-30T10:21:00+05:30,36.15,36.65,36.1,36.5,54
2026-06-30T10:22:00+05:30,36.35,36.45,35.8,35.85,29
2026-06-30T10:23:00+05:30,35.5,35.65,35.0,35.2,98
2026-06-30T10:24:00+05:30,35.3,36.25,35.3,35.5,159
2026-06-30T10:25:00+05:30,35.45,36.6,35.0,36.6,311
2026-06-30T10:26:00+05:30,36.8,36.95,35.3,35.35,152
2026-06-30T10:27:00+05:30,35.45,35.85,35.35,35.7,78
2026-06-30T10:28:00+05:30,35.75,36.6,35.75,36.25,277
2026-06-30T10:29:00+05:30,36.15,36.5,35.3,35.3,66
2026-06-30T10:30:00+05:30,35.4,35.45,34.4,34.55,357
2026-06-30T10:31:00+05:30,34.45,35.45,34.45,35.15,29
2026-06-30T10:32:00+05:30,35.25,35.5,34.8,34.85,36
2026-06-30T10:33:00+05:30,35.15,36.5,35.15,36.35,47
2026-06-30T10:34:00+05:30,36.25,36.9,35.95,36.65,49
2026-06-30T10:35:00+05:30,36.5,36.5,35.8,35.8,143
2026-06-30T10:36:00+05:30,35.95,37.35,35.95,37.2,275
2026-06-30T10:37:00+05:30,37.15,37.2,36.35,36.35,132
2026-06-30T10:38:00+05:30,36.55,36.7,36.0,36.7,183
2026-06-30T10:39:00+05:30,36.5,37.0,35.4,35.4,156
2026-06-30T10:40:00+05:30,35.45,35.6,35.05,35.15,105
2026-06-30T10:41:00+05:30,35.05,35.65,34.6,35.2,111
2026-06-30T10:42:00+05:30,34.9,35.95,34.9,35.15,79
2026-06-30T10:43:00+05:30,35.4,35.55,35.05,35.5,50
2026-06-30T10:44:00+05:30,35.4,35.5,35.0,35.45,55
2026-06-30T10:45:00+05:30,35.55,35.6,34.85,34.85,95
2026-06-30T10:46:00+05:30,34.95,35.6,34.95,35.35,116
2026-06-30T10:47:00+05:30,35.45,35.8,35.45,35.8,41
2026-06-30T10:48:00+05:30,36.0,36.25,35.7,35.95,173
2026-06-30T10:49:00+05:30,35.7,36.45,34.9,36.45,428
2026-06-30T10:50:00+05:30,36.35,37.55,35.9,37.25,256
2026-06-30T10:51:00+05:30,36.7,37.3,36.55,36.75,78
2026-06-30T10:52:00+05:30,36.55,36.75,35.7,35.85,86
2026-06-30T10:53:00+05:30,35.9,36.15,35.55,36.1,64
2026-06-30T10:54:00+05:30,35.75,35.75,34.75,34.85,71
2026-06-30T10:55:00+05:30,34.65,35.8,34.35,35.6,345
2026-06-30T10:56:00+05:30,34.9,34.9,33.95,34.1,243
2026-06-30T10:57:00+05:30,34.1,34.1,33.1,33.85,232
2026-06-30T10:58:00+05:30,33.75,34.05,33.1,33.1,107
2026-06-30T10:59:00+05:30,33.0,33.5,32.95,33.0,219
2026-06-30T11:00:00+05:30,32.75,33.25,32.6,33.1,376
2026-06-30T11:01:00+05:30,32.95,33.45,32.75,33.45,81
2026-06-30T11:02:00+05:30,33.55,33.55,33.25,33.45,41
2026-06-30T11:03:00+05:30,33.35,33.4,32.9,33.1,64
2026-06-30T11:04:00+05:30,33.05,33.05,32.45,32.55,30
2026-06-30T11:05:00+05:30,32.45,32.6,32.15,32.6,194
2026-06-30T11:06:00+05:30,32.5,33.0,32.3,32.7,54
2026-06-30T11:07:00+05:30,32.6,33.25,32.6,33.05,106
2026-06-30T11:08:00+05:30,33.05,33.05,32.8,33.0,85
2026-06-30T11:09:00+05:30,32.95,33.65,32.8,33.5,231
2026-06-30T11:10:00+05:30,33.25,34.4,33.1,34.4,245
2026-06-30T11:11:00+05:30,34.45,35.25,34.25,34.85,148
2026-06-30T11:12:00+05:30,35.45,37.3,34.5,36.05,480
2026-06-30T11:13:00+05:30,36.45,37.15,35.65,36.3,1000
2026-06-30T11:14:00+05:30,35.7,36.8,35.45,36.8,316
2026-06-30T11:15:00+05:30,36.95,37.25,35.8,35.8,391
2026-06-30T11:16:00+05:30,35.65,35.65,34.3,34.8,500
2026-06-30T11:17:00+05:30,34.35,34.45,33.1,33.3,215
2026-06-30T11:18:00+05:30,32.9,33.85,32.55,33.05,233
2026-06-30T11:19:00+05:30,32.75,34.55,32.75,34.55,76
2026-06-30T11:20:00+05:30,34.05,34.15,33.35,34.0,205
2026-06-30T11:21:00+05:30,34.3,35.8,34.25,35.15,313
2026-06-30T11:22:00+05:30,35.3,36.05,35.3,35.6,118
2026-06-30T11:23:00+05:30,35.6,47.7,35.2,47.6,753
2026-06-30T11:24:00+05:30,47.85,49.5,44.7,49.15,1685
2026-06-30T11:25:00+05:30,49.55,49.55,44.45,46.7,1221
2026-06-30T11:26:00+05:30,46.9,47.7,43.0,45.45,715
2026-06-30T11:27:00+05:30,45.5,45.7,41.9,43.65,717
2026-06-30T11:28:00+05:30,43.45,43.65,39.0,40.0,1174
2026-06-30T11:29:00+05:30,40.05,40.85,38.35,38.9,558
2026-06-30T11:30:00+05:30,39.0,39.35,36.6,36.9,799
2026-06-30T11:31:00+05:30,36.3,37.25,35.35,35.35,791
2026-06-30T11:32:00+05:30,35.25,35.25,33.35,34.05,765
2026-06-30T11:33:00+05:30,34.1,34.4,33.45,34.4,297
2026-06-30T11:34:00+05:30,34.3,34.65,33.35,33.95,479
2026-06-30T11:35:00+05:30,33.95,34.0,31.2,31.2,1414
2026-06-30T11:36:00+05:30,31.25,33.35,30.45,32.85,886
2026-06-30T11:37:00+05:30,32.65,33.85,32.65,33.15,256
2026-06-30T11:38:00+05:30,33.25,33.55,32.6,32.6,145
2026-06-30T11:39:00+05:30,32.45,33.6,32.2,33.55,339
2026-06-30T11:40:00+05:30,33.5,34.95,33.4,34.65,366
2026-06-30T11:41:00+05:30,34.45,34.55,32.2,32.55,341
2026-06-30T11:42:00+05:30,32.5,33.4,32.4,32.6,499
2026-06-30T11:43:00+05:30,32.65,32.75,31.8,32.1,349
2026-06-30T11:44:00+05:30,32.25,32.25,31.05,31.45,279
2026-06-30T11:45:00+05:30,31.6,32.25,31.05,31.3,143
2026-06-30T11:46:00+05:30,31.1,31.45,30.3,30.65,369
2026-06-30T11:47:00+05:30,30.4,30.75,29.65,30.6,313
2026-06-30T11:48:00+05:30,30.7,30.9,30.15,30.35,216
2026-06-30T11:49:00+05:30,30.6,30.65,29.9,30.2,175
2026-06-30T11:50:00+05:30,30.1,31.0,30.0,30.3,170
2026-06-30T11:51:00+05:30,30.2,30.65,30.1,30.5,100
2026-06-30T11:52:00+05:30,30.4,31.3,30.4,31.0,97
2026-06-30T11:53:00+05:30,31.1,31.25,30.5,30.75,250
2026-06-30T11:54:00+05:30,30.7,31.05,30.55,30.8,128
2026-06-30T11:55:00+05:30,30.7,31.5,30.55,30.55,116
2026-06-30T11:56:00+05:30,30.5,30.7,29.8,30.7,47
2026-06-30T11:57:00+05:30,30.25,31.05,30.25,30.35,201
2026-06-30T11:58:00+05:30,30.45,30.95,30.25,30.75,105
2026-06-30T11:59:00+05:30,30.75,31.9,30.75,31.2,247
2026-06-30T12:00:00+05:30,31.0,31.25,29.45,29.5,261
2026-06-30T12:01:00+05:30,29.3,29.7,28.1,28.1,171
2026-06-30T12:02:00+05:30,28.1,28.5,27.3,28.45,373
2026-06-30T12:03:00+05:30,28.5,29.0,27.95,28.25,96
2026-06-30T12:04:00+05:30,28.6,28.6,27.45,28.0,224
2026-06-30T12:05:00+05:30,27.95,28.2,27.05,27.1,215
2026-06-30T12:06:00+05:30,27.05,27.8,27.05,27.6,382
2026-06-30T12:07:00+05:30,27.7,28.05,27.2,27.2,332
2026-06-30T12:08:00+05:30,27.6,27.9,26.25,26.3,388
2026-06-30T12:09:00+05:30,26.6,27.0,26.6,27.0,65
2026-06-30T12:10:00+05:30,26.75,27.15,26.55,26.9,90
2026-06-30T12:11:00+05:30,26.9,26.9,25.95,26.05,184
2026-06-30T12:12:00+05:30,26.55,27.9,26.55,27.2,39
2026-06-30T12:13:00+05:30,27.0,28.0,26.95,27.3,78
2026-06-30T12:14:00+05:30,27.0,27.45,26.55,27.3,193
2026-06-30T12:15:00+05:30,27.2,28.25,27.05,27.6,394
2026-06-30T12:16:00+05:30,27.6,28.3,27.3,27.6,266
2026-06-30T12:17:00+05:30,26.75,27.2,26.35,26.35,89
2026-06-30T12:18:00+05:30,26.6,27.35,26.15,27.2,210
2026-06-30T12:19:00+05:30,27.35,27.7,26.85,27.6,144
2026-06-30T12:20:00+05:30,27.35,27.35,26.55,27.0,130
2026-06-30T12:21:00+05:30,27.25,27.7,27.05,27.5,155
2026-06-30T12:22:00+05:30,27.65,27.8,27.45,27.55,278
2026-06-30T12:23:00+05:30,27.65,28.3,27.5,28.0,158
2026-06-30T12:24:00+05:30,28.05,28.65,27.65,28.5,129
2026-06-30T12:25:00+05:30,28.3,28.35,27.85,28.1,140
2026-06-30T12:26:00+05:30,27.9,28.6,27.8,28.6,127
2026-06-30T12:27:00+05:30,28.75,29.4,28.6,28.6,117
2026-06-30T12:28:00+05:30,28.6,28.6,28.25,28.3,20
2026-06-30T12:29:00+05:30,28.25,28.4,27.5,28.4,60
2026-06-30T12:30:00+05:30,28.2,28.2,26.9,27.1,120
2026-06-30T12:31:00+05:30,27.3,27.35,26.15,26.15,128
2026-06-30T12:32:00+05:30,26.0,27.1,25.9,26.9,265
2026-06-30T12:33:00+05:30,26.95,27.0,26.35,26.85,101
2026-06-30T12:34:00+05:30,26.85,27.05,26.45,26.5,50
2026-06-30T12:35:00+05:30,26.4,27.2,26.4,27.2,97
2026-06-30T12:36:00+05:30,27.2,27.9,27.05,27.9,150
2026-06-30T12:37:00+05:30,27.95,28.15,27.35,27.6,212
2026-06-30T12:38:00+05:30,27.65,29.1,27.65,28.75,309
2026-06-30T12:39:00+05:30,28.4,28.45,27.6,28.05,215
2026-06-30T12:40:00+05:30,27.4,28.65,27.2,28.65,457
2026-06-30T12:41:00+05:30,28.75,29.35,28.3,28.5,269
2026-06-30T12:42:00+05:30,28.5,29.7,28.4,29.7,135
2026-06-30T12:43:00+05:30,29.75,29.95,29.05,29.25,124
2026-06-30T12:44:00+05:30,29.05,30.1,29.05,29.75,245
2026-06-30T12:45:00+05:30,29.7,30.7,29.5,30.5,189
2026-06-30T12:46:00+05:30,30.45,30.65,29.55,29.6,200
2026-06-30T12:47:00+05:30,29.6,29.6,28.65,29.2,198
2026-06-30T12:48:00+05:30,29.2,29.45,28.6,29.35,104
2026-06-30T12:49:00+05:30,29.25,29.3,28.75,29.05,34
2026-06-30T12:50:00+05:30,28.75,28.85,28.4,28.4,250
2026-06-30T12:51:00+05:30,28.5,28.5,27.3,27.45,157
2026-06-30T12:52:00+05:30,27.35,27.55,27.0,27.45,377
2026-06-30T12:53:00+05:30,27.6,28.25,27.0,28.25,109
2026-06-30T12:54:00+05:30,28.25,28.9,28.25,28.3,104
2026-06-30T12:55:00+05:30,28.25,29.6,28.05,28.95,169
2026-06-30T12:56:00+05:30,28.95,29.2,28.45,28.9,155
2026-06-30T12:57:00+05:30,28.75,29.3,28.75,28.8,182
2026-06-30T12:58:00+05:30,28.8,28.9,28.3,28.45,77
2026-06-30T12:59:00+05:30,28.9,29.35,28.6,28.8,153
2026-06-30T13:00:00+05:30,28.85,29.0,28.8,28.95,158
2026-06-30T13:01:00+05:30,28.95,28.95,27.0,27.1,170
2026-06-30T13:02:00+05:30,27.2,28.0,26.95,27.55,213
2026-06-30T13:03:00+05:30,27.55,27.65,27.1,27.65,56
2026-06-30T13:04:00+05:30,27.5,27.85,27.2,27.85,49
2026-06-30T13:05:00+05:30,27.85,28.4,27.65,28.1,155
2026-06-30T13:06:00+05:30,27.95,27.95,27.2,27.4,110
2026-06-30T13:07:00+05:30,27.4,27.5,26.6,26.7,110
2026-06-30T13:08:00+05:30,26.55,26.95,26.4,26.9,202
2026-06-30T13:09:00+05:30,27.0,27.4,26.85,27.25,135
2026-06-30T13:10:00+05:30,27.2,27.2,25.8,26.05,143
2026-06-30T13:11:00+05:30,26.05,26.1,25.2,25.5,219
2026-06-30T13:12:00+05:30,25.3,25.65,25.05,25.65,220
2026-06-30T13:13:00+05:30,25.75,25.95,25.1,25.35,135
2026-06-30T13:14:00+05:30,25.0,25.2,24.4,24.8,295
2026-06-30T13:15:00+05:30,24.75,25.5,24.45,25.2,273
2026-06-30T13:16:00+05:30,25.3,25.45,24.9,25.45,213
2026-06-30T13:17:00+05:30,25.5,25.8,25.3,25.75,185
2026-06-30T13:18:00+05:30,25.75,25.85,25.1,25.85,150
2026-06-30T13:19:00+05:30,25.5,25.55,25.15,25.3,159
2026-06-30T13:20:00+05:30,25.0,25.25,24.55,24.75,500
2026-06-30T13:21:00+05:30,24.6,24.65,23.9,24.45,668
2026-06-30T13:22:00+05:30,24.55,24.85,24.35,24.35,163
2026-06-30T13:23:00+05:30,24.4,24.8,23.95,24.65,320
2026-06-30T13:24:00+05:30,24.6,24.9,24.35,24.65,389
2026-06-30T13:25:00+05:30,24.6,25.0,24.25,25.0,112
2026-06-30T13:26:00+05:30,24.9,25.05,24.7,24.85,91
2026-06-30T13:27:00+05:30,24.8,25.1,24.45,24.7,206
2026-06-30T13:28:00+05:30,24.9,25.35,24.75,25.15,146
2026-06-30T13:29:00+05:30,25.05,25.05,24.8,25.0,130
2026-06-30T13:30:00+05:30,24.95,25.2,24.85,25.05,28
2026-06-30T13:31:00+05:30,24.8,25.4,24.75,25.05,156
2026-06-30T13:32:00+05:30,25.2,25.25,25.0,25.0,82
2026-06-30T13:33:00+05:30,24.75,24.9,24.2,24.2,127
2026-06-30T13:34:00+05:30,24.1,24.2,23.9,24.2,68
2026-06-30T13:35:00+05:30,24.05,24.9,24.05,24.55,122
2026-06-30T13:36:00+05:30,24.45,24.45,24.1,24.25,92
2026-06-30T13:37:00+05:30,24.35,24.5,24.05,24.5,52
2026-06-30T13:38:00+05:30,24.5,24.6,24.1,24.4,89
2026-06-30T13:39:00+05:30,24.5,24.5,23.85,24.0,40
2026-06-30T13:40:00+05:30,24.0,24.5,24.0,24.5,80
2026-06-30T13:41:00+05:30,24.55,25.35,24.55,25.25,80
2026-06-30T13:42:00+05:30,25.3,25.5,25.0,25.25,291
2026-06-30T13:43:00+05:30,25.05,26.0,25.05,25.4,118
2026-06-30T13:44:00+05:30,25.15,25.15,24.8,24.9,53
2026-06-30T13:45:00+05:30,24.6,24.6,23.75,23.75,142
2026-06-30T13:46:00+05:30,23.85,24.1,23.7,23.8,110
2026-06-30T13:47:00+05:30,24.0,24.0,23.25,23.45,322
2026-06-30T13:48:00+05:30,23.4,23.5,22.8,22.9,289
2026-06-30T13:49:00+05:30,22.8,23.2,22.7,23.05,431
2026-06-30T13:50:00+05:30,23.0,23.0,22.4,22.5,90
2026-06-30T13:51:00+05:30,22.5,22.7,22.1,22.35,249
2026-06-30T13:52:00+05:30,22.55,23.5,22.5,23.15,179
2026-06-30T13:53:00+05:30,22.9,23.75,22.9,23.65,206
2026-06-30T13:54:00+05:30,23.85,24.15,22.55,22.55,239
2026-06-30T13:55:00+05:30,22.6,23.0,22.55,22.85,219
2026-06-30T13:56:00+05:30,22.55,23.0,22.2,23.0,212
2026-06-30T13:57:00+05:30,22.75,22.85,22.2,22.2,281
2026-06-30T13:58:00+05:30,22.35,22.45,22.1,22.45,212
2026-06-30T13:59:00+05:30,22.25,22.4,22.1,22.1,134
2026-06-30T14:00:00+05:30,22.05,22.45,22.0,22.0,141
2026-06-30T14:01:00+05:30,21.95,22.1,21.6,21.6,110
2026-06-30T14:02:00+05:30,21.45,21.65,21.45,21.6,46
2026-06-30T14:03:00+05:30,21.45,21.55,18.35,20.95,1276
2026-06-30T14:04:00+05:30,20.65,21.3,20.55,20.95,711
2026-06-30T14:05:00+05:30,20.85,21.35,20.85,21.05,508
2026-06-30T14:06:00+05:30,21.3,21.95,21.2,21.3,646
2026-06-30T14:07:00+05:30,21.25,21.5,20.85,21.3,513
2026-06-30T14:08:00+05:30,21.4,21.7,21.2,21.3,597
2026-06-30T14:09:00+05:30,21.45,21.6,21.2,21.4,145
2026-06-30T14:10:00+05:30,21.15,21.35,21.1,21.25,225
2026-06-30T14:11:00+05:30,21.2,21.85,21.15,21.75,269
2026-06-30T14:12:00+05:30,21.75,22.0,21.55,21.65,176
2026-06-30T14:13:00+05:30,21.5,21.85,21.5,21.7,124
2026-06-30T14:14:00+05:30,21.75,21.95,21.3,21.55,378
2026-06-30T14:15:00+05:30,21.45,21.6,21.25,21.25,344
2026-06-30T14:16:00+05:30,21.35,22.05,21.3,21.85,205
2026-06-30T14:17:00+05:30,21.95,22.15,21.55,22.1,153
2026-06-30T14:18:00+05:30,21.95,22.3,21.7,22.1,440
2026-06-30T14:19:00+05:30,22.1,22.4,21.85,21.95,180
2026-06-30T14:20:00+05:30,21.85,22.9,21.85,22.85,159
2026-06-30T14:21:00+05:30,22.7,22.95,22.65,22.9,159
2026-06-30T14:22:00+05:30,22.85,23.65,22.85,23.6,88
2026-06-30T14:23:00+05:30,23.6,23.8,23.05,23.6,245
2026-06-30T14:24:00+05:30,23.65,25.0,22.7,24.95,498
2026-06-30T14:25:00+05:30,24.85,28.25,24.6,27.75,1988
2026-06-30T14:26:00+05:30,27.9,27.9,25.9,26.6,684
2026-06-30T14:27:00+05:30,26.3,27.15,25.9,26.75,468
2026-06-30T14:28:00+05:30,26.45,26.6,24.6,24.9,749
2026-06-30T14:29:00+05:30,25.05,25.7,24.3,24.9,591
2026-06-30T14:30:00+05:30,24.85,26.05,24.25,25.75,399
2026-06-30T14:31:00+05:30,25.85,26.05,24.9,25.2,228
2026-06-30T14:32:00+05:30,25.1,26.85,25.1,25.6,207
2026-06-30T14:33:00+05:30,25.45,26.1,24.45,26.05,338
2026-06-30T14:34:00+05:30,26.05,26.7,25.9,26.7,113
2026-06-30T14:35:00+05:30,27.15,27.15,25.8,26.0,167
2026-06-30T14:36:00+05:30,26.1,26.65,26.0,26.5,171
2026-06-30T14:37:00+05:30,26.45,26.45,25.2,25.4,151
2026-06-30T14:38:00+05:30,25.2,25.75,25.0,25.75,87
2026-06-30T14:39:00+05:30,25.8,25.8,24.8,25.25,523
2026-06-30T14:40:00+05:30,25.35,25.65,25.2,25.55,101
2026-06-30T14:41:00+05:30,25.25,26.2,25.25,25.7,164
2026-06-30T14:42:00+05:30,25.75,26.25,25.5,26.2,138
2026-06-30T14:43:00+05:30,25.9,26.15,25.4,25.5,269
2026-06-30T14:44:00+05:30,25.35,25.6,24.7,24.9,248
2026-06-30T14:45:00+05:30,25.25,25.7,25.0,25.05,218
2026-06-30T14:46:00+05:30,25.2,25.45,24.5,24.75,275
2026-06-30T14:47:00+05:30,24.4,25.05,24.4,24.85,163
2026-06-30T14:48:00+05:30,24.5,24.75,23.25,23.25,229
2026-06-30T14:49:00+05:30,23.5,23.9,23.25,23.55,199
2026-06-30T14:50:00+05:30,23.55,23.7,23.05,23.35,861
2026-06-30T14:51:00+05:30,23.2,23.4,22.35,23.35,212
2026-06-30T14:52:00+05:30,23.15,23.85,23.15,23.45,476
2026-06-30T14:53:00+05:30,23.3,23.7,23.2,23.65,116
2026-06-30T14:54:00+05:30,23.55,23.8,23.1,23.4,301
2026-06-30T14:55:00+05:30,23.5,23.65,23.1,23.55,121
2026-06-30T14:56:00+05:30,23.45,23.5,23.0,23.2,365
2026-06-30T14:57:00+05:30,23.2,23.55,22.35,22.4,131
2026-06-30T14:58:00+05:30,21.95,21.95,21.05,21.65,774
2026-06-30T14:59:00+05:30,21.35,22.4,21.35,22.2,610
2026-06-30T15:00:00+05:30,22.25,22.35,20.5,20.8,557
2026-06-30T15:01:00+05:30,20.75,21.45,20.65,21.0,881
2026-06-30T15:02:00+05:30,21.0,21.0,19.8,19.85,883
2026-06-30T15:03:00+05:30,19.65,19.65,18.85,19.45,518
2026-06-30T15:04:00+05:30,19.5,20.35,19.5,20.1,637
2026-06-30T15:05:00+05:30,20.35,20.65,20.0,20.35,1791
2026-06-30T15:06:00+05:30,20.1,20.4,19.6,19.7,939
2026-06-30T15:07:00+05:30,19.7,19.85,19.0,19.75,1326
2026-06-30T15:08:00+05:30,19.85,20.15,19.75,20.15,495
2026-06-30T15:09:00+05:30,20.15,20.15,19.7,19.75,680
2026-06-30T15:10:00+05:30,19.9,20.95,19.85,20.35,883
2026-06-30T15:11:00+05:30,20.45,21.2,20.25,21.1,1138
2026-06-30T15:12:00+05:30,21.0,22.95,20.95,22.3,989
2026-06-30T15:13:00+05:30,22.55,23.4,22.45,23.15,820
2026-06-30T15:14:00+05:30,23.2,23.6,21.15,22.15,1824
2026-06-30T15:15:00+05:30,22.95,24.25,21.85,22.5,3119
2026-06-30T15:16:00+05:30,22.3,22.5,19.0,19.0,2368
2026-06-30T15:17:00+05:30,19.0,20.0,18.75,18.85,1836
2026-06-30T15:18:00+05:30,19.1,19.45,18.3,18.65,3536
2026-06-30T15:19:00+05:30,18.55,19.15,18.1,18.9,3018
2026-06-30T15:20:00+05:30,18.95,19.25,17.55,18.15,2109
2026-06-30T15:21:00+05:30,18.2,19.95,18.15,18.85,2766
2026-06-30T15:22:00+05:30,18.9,20.0,18.3,19.85,1906
2026-06-30T15:23:00+05:30,19.65,20.0,19.5,19.7,1059
2026-06-30T15:24:00+05:30,19.7,20.45,18.75,19.7,1618
2026-06-30T15:25:00+05:30,19.85,20.2,19.5,19.6,1275
2026-06-30T15:26:00+05:30,19.65,20.2,19.25,20.2,1048
2026-06-30T15:27:00+05:30,20.0,20.2,18.6,18.8,1876
2026-06-30T15:28:00+05:30,18.7,19.7,18.7,19.45,1662
2026-06-30T15:29:00+05:30,19.3,19.75,18.6,18.7,1355
2026-07-01T09:15:00+05:30,12.05,18.7,10.8,13.9,8579
2026-07-01T09:16:00+05:30,14.25,15.2,12.5,13.4,7801
2026-07-01T09:17:00+05:30,13.5,14.25,12.85,13.05,4239
2026-07-01T09:18:00+05:30,13.05,15.2,12.7,15.15,3030
2026-07-01T09:19:00+05:30,14.8,15.75,14.35,14.7,3275
2026-07-01T09:20:00+05:30,14.45,14.7,13.6,14.45,2901
2026-07-01T09:21:00+05:30,14.25,14.25,12.7,12.75,2491
2026-07-01T09:22:00+05:30,12.85,13.45,12.65,13.4,1871
2026-07-01T09:23:00+05:30,13.4,13.5,12.4,13.25,1429
2026-07-01T09:24:00+05:30,13.05,13.05,11.8,11.95,1657
2026-07-01T09:25:00+05:30,11.95,12.5,11.7,12.45,1253
2026-07-01T09:26:00+05:30,12.35,12.7,11.75,11.95,1428
2026-07-01T09:27:00+05:30,11.9,12.7,11.65,12.5,2840
2026-07-01T09:28:00+05:30,12.7,12.7,12.15,12.5,1287
2026-07-01T09:29:00+05:30,12.45,12.8,12.0,12.5,860
2026-07-01T09:30:00+05:30,12.4,13.9,12.3,13.7,2180
2026-07-01T09:31:00+05:30,13.7,13.7,12.2,12.75,1864
2026-07-01T09:32:00+05:30,12.75,12.8,12.2,12.4,750
2026-07-01T09:33:00+05:30,12.5,12.55,12.1,12.3,395
2026-07-01T09:34:00+05:30,12.3,12.3,11.75,12.2,919
2026-07-01T09:35:00+05:30,12.2,12.5,11.9,12.5,684
2026-07-01T09:36:00+05:30,12.4,12.7,12.2,12.3,1051
2026-07-01T09:37:00+05:30,12.4,13.1,12.05,13.05,821
2026-07-01T09:38:00+05:30,13.05,13.6,12.8,13.4,1044
2026-07-01T09:39:00+05:30,13.45,13.65,12.95,13.1,1195
2026-07-01T09:40:00+05:30,13.0,13.8,13.0,13.55,1411
2026-07-01T09:41:00+05:30,13.55,13.6,12.5,12.5,680
2026-07-01T09:42:00+05:30,12.5,12.5,11.65,12.05,2217
2026-07-01T09:43:00+05:30,12.05,12.2,11.9,12.2,716
2026-07-01T09:44:00+05:30,12.05,12.8,11.95,12.7,1237
2026-07-01T09:45:00+05:30,12.65,13.2,12.55,12.65,724
2026-07-01T09:46:00+05:30,12.65,13.55,12.65,13.35,1532
2026-07-01T09:47:00+05:30,13.3,13.3,12.75,12.9,1194
2026-07-01T09:48:00+05:30,12.85,13.35,12.7,12.8,521
2026-07-01T09:49:00+05:30,12.85,13.15,12.2,12.2,1490
2026-07-01T09:50:00+05:30,12.4,12.7,11.8,11.8,1361
2026-07-01T09:51:00+05:30,11.9,12.0,11.6,11.6,1127
2026-07-01T09:52:00+05:30,11.6,11.9,11.3,11.5,2022
2026-07-01T09:53:00+05:30,11.55,12.45,11.45,11.95,2861
2026-07-01T09:54:00+05:30,11.9,12.1,11.7,12.1,668
2026-07-01T09:55:00+05:30,12.1,12.3,11.7,12.2,1105
2026-07-01T09:56:00+05:30,12.2,12.95,12.2,12.95,2710
2026-07-01T09:57:00+05:30,12.8,12.8,12.2,12.3,968
2026-07-01T09:58:00+05:30,12.4,12.8,12.4,12.8,1031
2026-07-01T09:59:00+05:30,12.85,13.95,12.8,13.2,2312
2026-07-01T10:00:00+05:30,13.45,15.05,13.4,13.85,4278
2026-07-01T10:01:00+05:30,13.85,14.15,13.4,14.1,1559
2026-07-01T10:02:00+05:30,13.8,14.4,12.65,12.75,1676
2026-07-01T10:03:00+05:30,12.8,12.85,12.15,12.25,1402
2026-07-01T10:04:00+05:30,12.35,12.45,12.0,12.4,934
2026-07-01T10:05:00+05:30,12.45,12.45,12.0,12.0,1398
2026-07-01T10:06:00+05:30,12.1,12.4,11.6,12.4,1316
2026-07-01T10:07:00+05:30,12.5,12.65,11.7,12.0,757
2026-07-01T10:08:00+05:30,12.0,12.35,11.8,12.05,1001
2026-07-01T10:09:00+05:30,12.15,12.6,12.05,12.6,572
2026-07-01T10:10:00+05:30,12.4,13.3,12.4,13.25,868
2026-07-01T10:11:00+05:30,13.15,13.3,12.35,12.75,1927
2026-07-01T10:12:00+05:30,12.65,12.65,12.15,12.3,397
2026-07-01T10:13:00+05:30,12.35,12.8,12.2,12.55,211
2026-07-01T10:14:00+05:30,12.55,13.0,12.55,12.7,475
2026-07-01T10:15:00+05:30,12.65,13.3,12.6,13.0,1508
2026-07-01T10:16:00+05:30,13.0,13.35,12.55,13.05,1774
2026-07-01T10:17:00+05:30,13.2,13.6,12.9,13.3,1877
2026-07-01T10:18:00+05:30,13.35,15.85,13.35,15.15,6784
2026-07-01T10:19:00+05:30,15.1,15.6,14.6,15.6,2982
2026-07-01T10:20:00+05:30,15.7,15.85,14.55,15.35,1984
2026-07-01T10:21:00+05:30,15.35,17.85,15.35,17.1,5272
2026-07-01T10:22:00+05:30,17.2,19.15,16.6,18.35,4270
2026-07-01T10:23:00+05:30,18.5,19.55,18.15,18.15,4930
2026-07-01T10:24:00+05:30,18.05,19.05,17.5,17.5,3773
2026-07-01T10:25:00+05:30,17.5,17.55,15.7,15.75,5074
2026-07-01T10:26:00+05:30,15.7,16.55,15.6,16.35,2744
2026-07-01T10:27:00+05:30,16.15,16.55,15.3,15.35,2307
2026-07-01T10:28:00+05:30,15.4,15.55,14.75,14.75,4065
2026-07-01T10:29:00+05:30,14.75,15.05,14.1,14.7,1790
2026-07-01T10:30:00+05:30,14.8,15.75,14.8,15.55,1377
2026-07-01T10:31:00+05:30,15.5,15.6,14.95,15.05,1644
2026-07-01T10:32:00+05:30,14.95,15.05,14.3,14.4,1649
2026-07-01T10:33:00+05:30,14.5,14.9,13.3,13.7,3147
2026-07-01T10:34:00+05:30,13.7,14.8,13.55,13.75,1756
2026-07-01T10:35:00+05:30,13.75,14.3,13.45,13.95,1091
2026-07-01T10:36:00+05:30,13.8,14.1,13.3,13.4,1537
2026-07-01T10:37:00+05:30,13.6,13.65,12.6,12.8,2486
2026-07-01T10:38:00+05:30,12.8,12.85,11.7,11.85,3509
2026-07-01T10:39:00+05:30,11.85,12.15,11.7,11.9,1164
2026-07-01T10:40:00+05:30,11.9,12.1,11.7,11.9,1648
2026-07-01T10:41:00+05:30,11.9,12.4,11.7,12.2,5485
2026-07-01T10:42:00+05:30,12.05,12.15,11.0,11.0,1607
2026-07-01T10:43:00+05:30,11.0,11.2,10.35,10.4,2722
2026-07-01T10:44:00+05:30,10.55,10.9,10.45,10.8,3072
2026-07-01T10:45:00+05:30,10.9,11.45,10.85,10.85,3210
2026-07-01T10:46:00+05:30,10.85,11.4,10.8,11.25,1739
2026-07-01T10:47:00+05:30,11.2,11.5,10.75,11.45,1721
2026-07-01T10:48:00+05:30,11.45,11.45,10.7,10.8,1120
2026-07-01T10:49:00+05:30,10.8,11.15,10.55,11.15,1293
2026-07-01T10:50:00+05:30,11.15,11.5,11.05,11.2,702
2026-07-01T10:51:00+05:30,11.15,11.45,11.0,11.2,1476
2026-07-01T10:52:00+05:30,11.15,11.4,11.15,11.3,907
2026-07-01T10:53:00+05:30,11.3,11.75,11.15,11.75,713
2026-07-01T10:54:00+05:30,11.7,12.15,11.7,11.8,985
2026-07-01T10:55:00+05:30,11.7,12.2,11.45,11.85,1012
2026-07-01T10:56:00+05:30,11.85,12.25,11.8,12.1,971
2026-07-01T10:57:00+05:30,12.05,12.1,11.6,11.6,1083
2026-07-01T10:58:00+05:30,11.65,12.0,11.45,12.0,1282
2026-07-01T10:59:00+05:30,11.8,12.0,11.7,11.8,129
2026-07-01T11:00:00+05:30,11.85,12.7,11.85,12.55,1946
2026-07-01T11:01:00+05:30,12.35,12.35,11.9,12.2,508
2026-07-01T11:02:00+05:30,12.45,12.75,12.0,12.2,1457
2026-07-01T11:03:00+05:30,12.15,12.6,11.85,12.6,968
2026-07-01T11:04:00+05:30,12.3,12.3,11.85,12.1,1520
2026-07-01T11:05:00+05:30,12.05,12.3,11.95,12.15,1079
2026-07-01T11:06:00+05:30,12.2,12.2,11.8,12.0,387
2026-07-01T11:07:00+05:30,12.05,12.25,11.75,12.0,476
2026-07-01T11:08:00+05:30,12.0,12.2,11.8,11.85,753
2026-07-01T11:09:00+05:30,11.8,12.8,11.8,12.8,1322
2026-07-01T11:10:00+05:30,12.65,13.65,12.65,13.0,3618
2026-07-01T11:11:00+05:30,13.2,13.35,12.35,13.1,1489
2026-07-01T11:12:00+05:30,13.15,14.1,12.8,13.6,1656
2026-07-01T11:13:00+05:30,13.55,13.85,13.25,13.75,1299
2026-07-01T11:14:00+05:30,13.5,15.6,13.5,15.6,3018
2026-07-01T11:15:00+05:30,15.75,16.3,13.95,14.0,8261
2026-07-01T11:16:00+05:30,13.75,15.05,13.6,14.9,2785
2026-07-01T11:17:00+05:30,14.95,15.2,14.3,14.65,4965
2026-07-01T11:18:00+05:30,14.6,15.1,14.1,14.75,2527
2026-07-01T11:19:00+05:30,14.8,14.85,14.3,14.3,1288
2026-07-01T11:20:00+05:30,14.45,15.15,14.25,14.35,2622
2026-07-01T11:21:00+05:30,14.4,14.7,14.1,14.5,2351
2026-07-01T11:22:00+05:30,14.45,14.8,13.8,13.8,1717
2026-07-01T11:23:00+05:30,14.0,14.25,13.55,14.0,2709
2026-07-01T11:24:00+05:30,14.0,14.1,13.05,13.5,1583
2026-07-01T11:25:00+05:30,13.3,13.45,12.6,12.6,2716
2026-07-01T11:26:00+05:30,12.6,12.7,12.05,12.25,2386
2026-07-01T11:27:00+05:30,12.3,12.85,12.25,12.6,1491
2026-07-01T11:28:00+05:30,12.85,13.4,12.75,13.4,1294
2026-07-01T11:29:00+05:30,13.3,13.45,12.8,13.05,872
2026-07-01T11:30:00+05:30,13.05,13.6,12.55,12.55,1487
2026-07-01T11:31:00+05:30,12.5,12.65,12.2,12.2,959
2026-07-01T11:32:00+05:30,12.15,12.2,11.75,11.95,2366
2026-07-01T11:33:00+05:30,12.05,12.05,11.35,11.65,1146
2026-07-01T11:34:00+05:30,11.8,11.95,11.15,11.15,1621
2026-07-01T11:35:00+05:30,11.3,11.6,11.0,11.25,1607
2026-07-01T11:36:00+05:30,11.1,11.7,10.8,11.7,796
2026-07-01T11:37:00+05:30,11.8,11.8,10.85,11.4,1051
2026-07-01T11:38:00+05:30,11.5,11.7,11.25,11.65,1168
2026-07-01T11:39:00+05:30,11.6,11.85,11.3,11.7,931
2026-07-01T11:40:00+05:30,11.55,12.5,11.55,12.0,2029
2026-07-01T11:41:00+05:30,12.05,12.2,11.8,12.2,1474
2026-07-01T11:42:00+05:30,12.1,12.45,11.9,12.4,1287
2026-07-01T11:43:00+05:30,12.4,13.0,12.15,13.0,1829
2026-07-01T11:44:00+05:30,12.9,13.3,12.25,13.15,1741
2026-07-01T11:45:00+05:30,13.1,13.95,12.9,13.35,2335
2026-07-01T11:46:00+05:30,13.3,14.0,13.3,14.0,1738
2026-07-01T11:47:00+05:30,14.0,14.15,13.35,13.35,1048
2026-07-01T11:48:00+05:30,13.4,14.35,13.4,13.45,1326
2026-07-01T11:49:00+05:30,13.55,14.6,13.45,14.6,1661
2026-07-01T11:50:00+05:30,14.65,15.0,14.0,14.2,1841
2026-07-01T11:51:00+05:30,14.0,14.15,13.6,13.75,2020
2026-07-01T11:52:00+05:30,13.65,13.9,12.95,13.15,2151
2026-07-01T11:53:00+05:30,13.2,13.2,12.4,12.5,1512
2026-07-01T11:54:00+05:30,12.4,12.6,12.2,12.2,1923
2026-07-01T11:55:00+05:30,12.1,12.5,11.9,12.1,1178
2026-07-01T11:56:00+05:30,12.25,12.7,11.9,12.7,1125
2026-07-01T11:57:00+05:30,12.65,13.7,12.55,13.5,2225
2026-07-01T11:58:00+05:30,13.45,14.8,13.2,14.75,3280
2026-07-01T11:59:00+05:30,14.7,14.8,14.15,14.65,3193
2026-07-01T12:00:00+05:30,14.45,15.45,14.25,14.7,5121
2026-07-01T12:01:00+05:30,14.6,14.85,13.7,14.65,2520
2026-07-01T12:02:00+05:30,14.9,15.3,14.3,14.6,1582
2026-07-01T12:03:00+05:30,14.6,15.0,14.2,14.45,828
2026-07-01T12:04:00+05:30,14.3,14.5,14.05,14.1,632
2026-07-01T12:05:00+05:30,14.1,15.0,13.9,14.35,1951
2026-07-01T12:06:00+05:30,14.35,15.0,14.2,14.85,1346
2026-07-01T12:07:00+05:30,14.7,16.0,14.5,15.65,4543
2026-07-01T12:08:00+05:30,15.75,16.7,15.2,16.45,4960
2026-07-01T12:09:00+05:30,16.5,17.75,16.0,16.3,8075
2026-07-01T12:10:00+05:30,16.4,16.4,15.05,15.85,5591
2026-07-01T12:11:00+05:30,15.8,15.8,14.05,14.5,3271
2026-07-01T12:12:00+05:30,14.6,14.75,14.0,14.4,2715
2026-07-01T12:13:00+05:30,14.2,14.75,13.8,14.4,3379
2026-07-01T12:14:00+05:30,14.2,14.2,13.0,13.45,2783
2026-07-01T12:15:00+05:30,13.3,14.3,13.0,13.95,3578
2026-07-01T12:16:00+05:30,14.0,14.35,13.6,13.7,1974
2026-07-01T12:17:00+05:30,13.75,13.95,13.5,13.8,1479
2026-07-01T12:18:00+05:30,13.9,13.95,13.1,13.5,1352
2026-07-01T12:19:00+05:30,13.4,13.95,13.3,13.65,690
2026-07-01T12:20:00+05:30,13.7,14.0,13.3,13.3,1144
2026-07-01T12:21:00+05:30,13.4,13.55,13.15,13.15,1796
2026-07-01T12:22:00+05:30,13.25,13.45,12.7,13.05,2111
2026-07-01T12:23:00+05:30,12.9,12.95,12.0,12.55,2848
2026-07-01T12:24:00+05:30,12.35,14.15,12.35,13.75,3226
2026-07-01T12:25:00+05:30,13.9,13.9,13.05,13.8,2532
2026-07-01T12:26:00+05:30,13.7,13.7,13.05,13.05,1623
2026-07-01T12:27:00+05:30,12.95,13.85,12.7,13.5,2682
2026-07-01T12:28:00+05:30,13.45,13.45,11.75,11.8,3253
2026-07-01T12:29:00+05:30,11.9,12.0,11.25,11.55,5164
2026-07-01T12:30:00+05:30,11.45,12.65,11.45,12.65,4444
2026-07-01T12:31:00+05:30,12.75,13.3,12.65,13.0,2873
2026-07-01T12:32:00+05:30,13.1,13.8,13.1,13.6,3052
2026-07-01T12:33:00+05:30,13.6,14.0,13.6,13.7,891
2026-07-01T12:34:00+05:30,13.7,14.25,13.45,13.45,1629
2026-07-01T12:35:00+05:30,13.5,13.85,13.2,13.65,955
2026-07-01T12:36:00+05:30,13.6,14.3,13.6,14.15,1279
2026-07-01T12:37:00+05:30,14.3,14.95,13.6,14.55,1838
2026-07-01T12:38:00+05:30,14.65,14.85,13.65,13.65,2987
2026-07-01T12:39:00+05:30,13.75,14.5,13.6,14.05,1715
2026-07-01T12:40:00+05:30,14.05,14.05,12.95,13.1,2321
2026-07-01T12:41:00+05:30,13.2,13.55,12.6,12.75,2659
2026-07-01T12:42:00+05:30,12.75,13.0,12.55,12.55,1767
2026-07-01T12:43:00+05:30,12.4,12.4,11.8,12.15,4553
2026-07-01T12:44:00+05:30,12.2,12.4,12.15,12.2,1315
2026-07-01T12:45:00+05:30,12.2,12.45,12.1,12.2,1060
2026-07-01T12:46:00+05:30,12.15,12.15,11.8,11.9,1296
2026-07-01T12:47:00+05:30,12.0,12.4,11.8,12.3,1819
2026-07-01T12:48:00+05:30,12.2,12.4,11.9,12.15,1496
2026-07-01T12:49:00+05:30,12.15,12.2,11.8,11.85,717
2026-07-01T12:50:00+05:30,12.0,12.2,11.9,12.05,327
2026-07-01T12:51:00+05:30,12.0,12.2,11.5,12.15,2940
2026-07-01T12:52:00+05:30,12.1,12.1,11.65,11.7,501
2026-07-01T12:53:00+05:30,11.6,11.95,11.5,11.85,820
2026-07-01T12:54:00+05:30,11.8,11.8,10.8,10.8,3215
2026-07-01T12:55:00+05:30,10.85,11.3,10.85,11.3,1836
2026-07-01T12:56:00+05:30,11.5,11.65,11.15,11.4,740
2026-07-01T12:57:00+05:30,11.4,11.55,11.15,11.5,1686
2026-07-01T12:58:00+05:30,11.45,11.8,11.35,11.6,1468
2026-07-01T12:59:00+05:30,11.65,11.75,11.25,11.25,848
2026-07-01T13:00:00+05:30,11.3,11.9,11.25,11.7,1389
2026-07-01T13:01:00+05:30,11.65,11.65,10.85,11.05,2017
2026-07-01T13:02:00+05:30,10.95,11.05,10.5,10.55,3232
2026-07-01T13:03:00+05:30,10.55,10.6,10.15,10.55,2844
2026-07-01T13:04:00+05:30,10.4,11.1,10.4,10.6,1523
2026-07-01T13:05:00+05:30,10.85,11.2,10.6,10.8,2544
2026-07-01T13:06:00+05:30,10.8,10.85,10.5,10.7,477
2026-07-01T13:07:00+05:30,10.85,11.35,10.85,11.05,541
2026-07-01T13:08:00+05:30,10.85,11.0,10.65,10.75,728
2026-07-01T13:09:00+05:30,10.75,11.25,10.75,10.95,1079
2026-07-01T13:10:00+05:30,10.8,11.0,10.75,10.75,626
2026-07-01T13:11:00+05:30,10.75,11.2,10.65,11.15,944
2026-07-01T13:12:00+05:30,11.15,11.7,11.15,11.55,1633
2026-07-01T13:13:00+05:30,11.65,11.9,11.35,11.6,988
2026-07-01T13:14:00+05:30,11.5,12.0,11.5,11.9,1131
2026-07-01T13:15:00+05:30,11.85,12.0,11.6,11.6,1962
2026-07-01T13:16:00+05:30,11.35,11.9,11.1,11.75,3372
2026-07-01T13:17:00+05:30,11.9,12.55,11.7,11.7,2844
2026-07-01T13:18:00+05:30,11.85,11.85,11.3,11.55,1885
2026-07-01T13:19:00+05:30,11.5,11.5,10.75,10.95,2981
2026-07-01T13:20:00+05:30,10.9,10.9,10.25,10.45,4576
2026-07-01T13:21:00+05:30,10.45,10.8,10.35,10.75,1067
2026-07-01T13:22:00+05:30,10.6,10.75,10.0,10.2,2346
2026-07-01T13:23:00+05:30,10.2,10.2,9.55,9.75,3770
2026-07-01T13:24:00+05:30,10.0,10.0,9.65,9.65,1485
2026-07-01T13:25:00+05:30,9.6,10.05,9.5,9.8,2011
2026-07-01T13:26:00+05:30,9.7,10.3,9.65,10.15,1776
2026-07-01T13:27:00+05:30,10.2,10.35,9.95,10.15,1835
2026-07-01T13:28:00+05:30,10.2,10.35,9.55,9.55,2126
2026-07-01T13:29:00+05:30,9.6,9.6,8.8,8.85,5440
2026-07-01T13:30:00+05:30,9.0,9.35,8.8,9.05,1519
2026-07-01T13:31:00+05:30,9.05,9.25,8.55,9.05,5739
2026-07-01T13:32:00+05:30,9.0,9.1,8.55,8.55,1647
2026-07-01T13:33:00+05:30,8.7,9.1,8.35,9.1,2423
2026-07-01T13:34:00+05:30,9.1,9.4,8.8,9.3,1721
2026-07-01T13:35:00+05:30,9.4,10.3,9.4,10.1,3190
2026-07-01T13:36:00+05:30,10.1,10.6,9.7,10.5,1141
2026-07-01T13:37:00+05:30,10.5,11.25,10.15,10.85,3571
2026-07-01T13:38:00+05:30,10.9,11.65,10.8,11.0,5953
2026-07-01T13:39:00+05:30,11.15,11.2,10.6,10.6,3180
2026-07-01T13:40:00+05:30,10.5,10.8,10.15,10.3,4743
2026-07-01T13:41:00+05:30,10.25,10.3,9.7,9.9,3341
2026-07-01T13:42:00+05:30,9.8,9.85,9.4,9.45,2483
2026-07-01T13:43:00+05:30,9.6,9.8,9.35,9.4,4077
2026-07-01T13:44:00+05:30,9.3,9.4,8.8,9.3,2636
2026-07-01T13:45:00+05:30,9.25,9.3,8.95,9.15,2026
2026-07-01T13:46:00+05:30,9.25,9.25,8.25,8.25,6504
2026-07-01T13:47:00+05:30,8.35,8.7,8.3,8.7,2628
2026-07-01T13:48:00+05:30,8.7,9.2,8.45,9.05,4382
2026-07-01T13:49:00+05:30,9.0,9.15,8.7,8.7,452
2026-07-01T13:50:00+05:30,8.75,9.0,8.4,8.9,1945
2026-07-01T13:51:00+05:30,8.75,8.85,8.35,8.65,445
2026-07-01T13:52:00+05:30,8.65,8.7,8.35,8.7,822
2026-07-01T13:53:00+05:30,8.7,8.7,8.45,8.45,803
2026-07-01T13:54:00+05:30,8.5,8.75,8.45,8.5,603
2026-07-01T13:55:00+05:30,8.4,8.8,8.4,8.8,1561
2026-07-01T13:56:00+05:30,8.8,8.95,8.6,8.65,1483
2026-07-01T13:57:00+05:30,8.6,8.8,8.4,8.4,232
2026-07-01T13:58:00+05:30,8.4,8.5,8.35,8.35,612
2026-07-01T13:59:00+05:30,8.5,8.7,8.35,8.5,1612
2026-07-01T14:00:00+05:30,8.35,8.55,7.7,7.75,4707
2026-07-01T14:01:00+05:30,7.8,8.55,7.6,8.55,3668
2026-07-01T14:02:00+05:30,8.45,8.7,8.35,8.5,1674
2026-07-01T14:03:00+05:30,8.45,8.8,8.35,8.8,605
2026-07-01T14:04:00+05:30,8.8,9.2,8.75,8.9,2152
2026-07-01T14:05:00+05:30,8.85,8.85,8.35,8.5,1843
2026-07-01T14:06:00+05:30,8.55,9.15,8.55,9.15,1837
2026-07-01T14:07:00+05:30,9.15,9.5,8.65,8.8,4835
2026-07-01T14:08:00+05:30,8.65,9.7,8.55,9.6,2646
2026-07-01T14:09:00+05:30,9.6,9.8,9.2,9.65,2419
2026-07-01T14:10:00+05:30,9.7,9.95,9.4,9.55,1664
2026-07-01T14:11:00+05:30,9.45,10.25,9.4,9.75,1724
2026-07-01T14:12:00+05:30,9.95,10.65,9.85,10.1,6752
2026-07-01T14:13:00+05:30,10.1,10.8,9.95,10.45,2305
2026-07-01T14:14:00+05:30,10.25,10.4,9.8,9.8,3254
2026-07-01T14:15:00+05:30,9.85,10.3,9.6,10.1,3311
2026-07-01T14:16:00+05:30,10.1,10.1,9.35,9.4,5166
2026-07-01T14:17:00+05:30,9.35,9.65,9.1,9.1,1059
2026-07-01T14:18:00+05:30,9.15,9.55,8.8,9.0,3172
2026-07-01T14:19:00+05:30,9.0,9.3,8.9,9.25,3603
2026-07-01T14:20:00+05:30,9.25,9.75,9.25,9.75,1677
2026-07-01T14:21:00+05:30,9.65,10.1,9.65,10.0,1691
2026-07-01T14:22:00+05:30,10.0,10.1,9.5,9.55,981
2026-07-01T14:23:00+05:30,9.5,9.75,9.2,9.5,1878
2026-07-01T14:24:00+05:30,9.5,10.05,9.45,9.95,2196
2026-07-01T14:25:00+05:30,9.9,10.05,9.6,10.0,2337
2026-07-01T14:26:00+05:30,10.05,10.1,9.55,9.9,1588
2026-07-01T14:27:00+05:30,9.9,9.9,9.25,9.25,1845
2026-07-01T14:28:00+05:30,9.3,9.3,8.95,9.05,2618
2026-07-01T14:29:00+05:30,9.0,9.0,8.65,8.75,3402
2026-07-01T14:30:00+05:30,8.4,8.9,8.35,8.65,6033
2026-07-01T14:31:00+05:30,8.55,8.85,8.45,8.5,1717
2026-07-01T14:32:00+05:30,8.6,8.65,7.85,8.35,6075
2026-07-01T14:33:00+05:30,8.4,8.45,7.5,7.5,1734
2026-07-01T14:34:00+05:30,7.5,7.85,7.1,7.15,3451
2026-07-01T14:35:00+05:30,7.1,7.6,7.1,7.3,2846
2026-07-01T14:36:00+05:30,7.35,7.5,6.8,6.8,2567
2026-07-01T14:37:00+05:30,6.85,7.15,6.85,7.0,2140
2026-07-01T14:38:00+05:30,6.9,7.0,6.55,6.6,6351
2026-07-01T14:39:00+05:30,6.6,6.85,6.4,6.55,3128
2026-07-01T14:40:00+05:30,6.6,6.65,6.15,6.2,5189
2026-07-01T14:41:00+05:30,6.15,6.85,6.1,6.8,2700
2026-07-01T14:42:00+05:30,6.8,7.05,6.75,7.0,2733
2026-07-01T14:43:00+05:30,7.0,7.4,6.9,7.3,4062
2026-07-01T14:44:00+05:30,7.4,7.55,7.1,7.15,2356
2026-07-01T14:45:00+05:30,7.1,7.2,6.95,7.0,1691
2026-07-01T14:46:00+05:30,6.9,7.35,6.8,7.3,2319
2026-07-01T14:47:00+05:30,7.2,7.2,6.45,6.5,3580
2026-07-01T14:48:00+05:30,6.6,6.75,6.3,6.75,1279
2026-07-01T14:49:00+05:30,6.75,6.85,6.15,6.25,3076
2026-07-01T14:50:00+05:30,6.15,6.55,6.05,6.4,2101
2026-07-01T14:51:00+05:30,6.5,6.55,6.35,6.4,1198
2026-07-01T14:52:00+05:30,6.45,6.6,6.35,6.35,961
2026-07-01T14:53:00+05:30,6.35,6.95,6.35,6.9,1197
2026-07-01T14:54:00+05:30,6.95,7.0,6.65,6.65,1386
2026-07-01T14:55:00+05:30,6.7,6.95,6.35,6.65,950
2026-07-01T14:56:00+05:30,6.7,7.25,6.65,7.25,1962
2026-07-01T14:57:00+05:30,7.1,7.15,6.45,6.55,2123
2026-07-01T14:58:00+05:30,6.4,7.2,6.3,7.2,2527
2026-07-01T14:59:00+05:30,7.1,7.7,6.85,7.35,3645
2026-07-01T15:00:00+05:30,7.55,8.65,5.45,5.85,15610
2026-07-01T15:01:00+05:30,5.85,6.35,5.75,5.9,4974
2026-07-01T15:02:00+05:30,5.9,5.95,4.8,5.1,7548
2026-07-01T15:03:00+05:30,5.05,5.55,5.05,5.4,2853
2026-07-01T15:04:00+05:30,5.45,5.65,5.2,5.2,3103
2026-07-01T15:05:00+05:30,5.2,5.3,4.8,4.85,3440
2026-07-01T15:06:00+05:30,4.8,4.95,4.5,4.8,5836
2026-07-01T15:07:00+05:30,4.85,4.9,4.6,4.6,3109
2026-07-01T15:08:00+05:30,4.55,4.75,4.55,4.75,1528
2026-07-01T15:09:00+05:30,4.8,4.85,4.6,4.8,1021
2026-07-01T15:10:00+05:30,4.75,5.3,4.75,5.25,5491
2026-07-01T15:11:00+05:30,5.25,5.85,5.1,5.8,2761
2026-07-01T15:12:00+05:30,5.85,6.35,5.7,6.1,3096
2026-07-01T15:13:00+05:30,5.95,6.5,5.85,6.1,2349
2026-07-01T15:14:00+05:30,5.9,6.25,5.35,6.0,3113
2026-07-01T15:15:00+05:30,6.0,6.25,5.8,6.1,2916
2026-07-01T15:16:00+05:30,6.1,6.45,5.85,5.95,2650
2026-07-01T15:17:00+05:30,5.9,5.9,5.45,5.5,2678
2026-07-01T15:18:00+05:30,5.5,5.85,5.45,5.75,3112
2026-07-01T15:19:00+05:30,5.75,6.15,5.55,5.9,2650
2026-07-01T15:20:00+05:30,5.8,6.05,5.7,5.95,3999
2026-07-01T15:21:00+05:30,5.95,6.2,5.6,5.7,1424
2026-07-01T15:22:00+05:30,5.65,5.8,5.45,5.7,2540
2026-07-01T15:23:00+05:30,5.8,6.2,5.7,6.1,3293
2026-07-01T15:24:00+05:30,6.1,6.85,5.7,5.75,3771
2026-07-01T15:25:00+05:30,5.95,6.05,5.55,5.7,2569
2026-07-01T15:26:00+05:30,5.8,6.15,5.6,6.1,4098
2026-07-01T15:27:00+05:30,6.25,6.3,5.7,5.95,2998
2026-07-01T15:28:00+05:30,6.0,6.05,5.4,5.65,3205
2026-07-01T15:29:00+05:30,5.75,5.95,5.15,5.15,4519
